species_uid,anp_code,anp_name,accepted_name_norm,accepted_scientific_name,taxon_rank,kingdom,phylum,class_name,order_name,family,genus,source_systems,authority_ids,source_record_count,deduped_occurrence_count,source_files,nom059,iucn,cites,priority_species,endemicity,invasive_exotic,quality_flags,taxonomic_resolution_status,traceability_status
SP-000001,APFFPD,Área de Protección de Flora y Fauna Playa Delfines,acacia acacia pennatula,Acacia Acacia pennatula,species,Plantae,Tracheophyta,Magnoliopsida,Fabales,Fabaceae,Acacia,SNIB,SNIB/CONABIO valid taxonomy:acacia acacia pennatula,1,1,Insumos/APFF Playa Delfines/PlayaDelfines_SNIB.xlsx,,Preocupación menor (LC) (En IUCN Red List 2025-1 como Vachellia pennatula (ver relaciones de sinonimia).),,,,,,source_authority_resolved,source_traceable
SP-000002,APFFPD,Área de Protección de Flora y Fauna Playa Delfines,acanthocereus acanthocereus tetragonus,Acanthocereus Acanthocereus tetragonus,species,Plantae,Tracheophyta,Magnoliopsida,Caryophyllales,Cactaceae,Acanthocereus,SNIB,SNIB/CONABIO valid taxonomy:acanthocereus acanthocereus tetragonus,8,7,Insumos/APFF Playa Delfines/PlayaDelfines_SNIB.xlsx,,Preocupación menor (LC),"Apéndice II (Publicado en CITES 2022 como Acanthocereus baxaniensis, Acanthocereus horridus, Acanthocereus occidentalis, Acanthocereus subinermis y Acanthocereus tetragonus (ver relaciones de sinonimia). Todos en apénidice II.)",,,,possible_cross_source_duplicate,source_authority_resolved,source_traceable
SP-000003,APFFPD,Área de Protección de Flora y Fauna Playa Delfines,acanthocereus tetragonus,Acanthocereus tetragonus,species,Plantae,Tracheophyta,Magnoliopsida,Caryophyllales,Cactaceae,Acanthocereus,GBIF; Naturalista,GBIF Backbone:3084455.0; Naturalista/iNaturalist taxonomy:157908,11,10,Insumos/APFF Playa Delfines/PlayaDelfines_GBIF.xlsx; Insumos/APFF Playa Delfines/PlayaDelfines_Naturalista.xlsx,,,,,,,possible_cross_source_duplicate,source_authority_resolved,source_traceable
SP-000004,APFFPD,Área de Protección de Flora y Fauna Playa Delfines,acanthophora acanthophora spicifera,Acanthophora Acanthophora spicifera,species,Plantae,Rhodophyta,Florideophyceae,Ceramiales,Rhodomelaceae,Acanthophora,SNIB,SNIB/CONABIO valid taxonomy:acanthophora acanthophora spicifera,1,1,Insumos/APFF Playa Delfines/PlayaDelfines_SNIB.xlsx,,,,,,Criptogénica-Invasora,,source_authority_resolved,source_traceable
SP-000005,APFFPD,Área de Protección de Flora y Fauna Playa Delfines,acromyrmex,Acromyrmex,,Animalia,Arthropoda,Insecta,Hymenoptera,Formicidae,,Naturalista,Naturalista/iNaturalist taxonomy:50162,1,1,Insumos/APFF Playa Delfines/PlayaDelfines_Naturalista.xlsx,,,,,,,,source_authority_resolved,source_traceable
SP-000006,APFFPD,Área de Protección de Flora y Fauna Playa Delfines,actitis actitis macularius,Actitis Actitis macularius,species,Animalia,Chordata,Aves,Charadriiformes,Scolopacidae,Actitis,SNIB,SNIB/CONABIO valid taxonomy:actitis actitis macularius,41,34,Insumos/APFF Playa Delfines/PlayaDelfines_SNIB.xlsx,,Preocupación menor (LC),,,,,possible_cross_source_duplicate,source_authority_resolved,source_traceable
SP-000007,APFFPD,Área de Protección de Flora y Fauna Playa Delfines,actitis macularius,Actitis macularius,SPECIES,Animalia,Chordata,Aves,Charadriiformes,Scolopacidae,Actitis,GBIF,GBIF Backbone:2481798.0,22,16,Insumos/APFF Playa Delfines/PlayaDelfines_GBIF.xlsx,,,,,,,possible_cross_source_duplicate,source_authority_resolved,source_traceable
SP-000008,APFFPD,Área de Protección de Flora y Fauna Playa Delfines,aedes taeniorhynchus,Aedes taeniorhynchus,species,Animalia,Arthropoda,Insecta,Diptera,Culicidae,,Naturalista,Naturalista/iNaturalist taxonomy:1112134,1,1,Insumos/APFF Playa Delfines/PlayaDelfines_Naturalista.xlsx,,,,,,,,source_authority_resolved,source_traceable
SP-000009,APFFPD,Área de Protección de Flora y Fauna Playa Delfines,agaricomycetes,Agaricomycetes,,Fungi,Basidiomycota,Agaricomycetes,,,,Naturalista,Naturalista/iNaturalist taxonomy:50814,1,1,Insumos/APFF Playa Delfines/PlayaDelfines_Naturalista.xlsx,,,,,,,,source_authority_resolved,source_traceable
SP-000010,APFFPD,Área de Protección de Flora y Fauna Playa Delfines,agelaius agelaius phoeniceus,Agelaius Agelaius phoeniceus,species,Animalia,Chordata,Aves,Passeriformes,Icteridae,Agelaius,SNIB,SNIB/CONABIO valid taxonomy:agelaius agelaius phoeniceus,3,3,Insumos/APFF Playa Delfines/PlayaDelfines_SNIB.xlsx,,Preocupación menor (LC),,,,,,source_authority_resolved,source_traceable
SP-000011,APFFPD,Área de Protección de Flora y Fauna Playa Delfines,agelaius phoeniceus,Agelaius phoeniceus,SPECIES,Animalia,Chordata,Aves,Passeriformes,Icteridae,Agelaius,GBIF,GBIF Backbone:9409198.0,3,3,Insumos/APFF Playa Delfines/PlayaDelfines_GBIF.xlsx,,,,,,,,source_authority_resolved,source_traceable
SP-000012,APFFPD,Área de Protección de Flora y Fauna Playa Delfines,ageratum ageratum maritimum,Ageratum Ageratum maritimum,species,Plantae,Tracheophyta,Magnoliopsida,Asterales,Asteraceae,Ageratum,SNIB,SNIB/CONABIO valid taxonomy:ageratum ageratum maritimum,1,1,Insumos/APFF Playa Delfines/PlayaDelfines_SNIB.xlsx,,,,,,,,source_authority_resolved,source_traceable
SP-000013,APFFPD,Área de Protección de Flora y Fauna Playa Delfines,agrosoma placetis,Agrosoma placetis,species,Animalia,Arthropoda,Insecta,Hemiptera,Cicadellidae,,Naturalista,Naturalista/iNaturalist taxonomy:486983,1,1,Insumos/APFF Playa Delfines/PlayaDelfines_Naturalista.xlsx,,,,,,,,source_authority_resolved,source_traceable
SP-000014,APFFPD,Área de Protección de Flora y Fauna Playa Delfines,amaryllidaceae,Amaryllidaceae,,Plantae,Tracheophyta,Liliopsida,Asparagales,Amaryllidaceae,,Naturalista,Naturalista/iNaturalist taxonomy:55849,1,1,Insumos/APFF Playa Delfines/PlayaDelfines_Naturalista.xlsx,,,,,,,,source_authority_resolved,source_traceable
SP-000015,APFFPD,Área de Protección de Flora y Fauna Playa Delfines,amazilia amazilia rutila,Amazilia Amazilia rutila,species,Animalia,Chordata,Aves,Apodiformes,Trochilidae,Amazilia,SNIB,SNIB/CONABIO valid taxonomy:amazilia amazilia rutila,79,47,Insumos/APFF Playa Delfines/PlayaDelfines_SNIB.xlsx,,Preocupación menor (LC),Apéndice II,,,,possible_cross_source_duplicate,source_authority_resolved,source_traceable
SP-000016,APFFPD,Área de Protección de Flora y Fauna Playa Delfines,amazilia amazilia yucatanensis,Amazilia Amazilia yucatanensis,species,Animalia,Chordata,Aves,Apodiformes,Trochilidae,Amazilia,SNIB,SNIB/CONABIO valid taxonomy:amazilia amazilia yucatanensis,4,3,Insumos/APFF Playa Delfines/PlayaDelfines_SNIB.xlsx,,Preocupación menor (LC),Apéndice II,,Cuasiendémica,,possible_cross_source_duplicate,source_authority_resolved,source_traceable
SP-000017,APFFPD,Área de Protección de Flora y Fauna Playa Delfines,amazilia amazilia yucatanensis yucatanensis subespecie,Amazilia Amazilia yucatanensis yucatanensis subespecie,species,Animalia,Chordata,Aves,Apodiformes,Trochilidae,Amazilia,SNIB,SNIB/CONABIO valid taxonomy:amazilia amazilia yucatanensis yucatanensis subespecie,1,1,Insumos/APFF Playa Delfines/PlayaDelfines_SNIB.xlsx,,Preocupación menor (LC),Apéndice II,,,,,source_authority_resolved,source_traceable
SP-000018,APFFPD,Área de Protección de Flora y Fauna Playa Delfines,amazilia rutila,Amazilia rutila,SPECIES,Animalia,Chordata,Aves,Apodiformes,Trochilidae,Amazilia,GBIF; Naturalista,GBIF Backbone:2476417.0; Naturalista/iNaturalist taxonomy:5758,50,25,Insumos/APFF Playa Delfines/PlayaDelfines_GBIF.xlsx; Insumos/APFF Playa Delfines/PlayaDelfines_Naturalista.xlsx,,,,,,,possible_cross_source_duplicate,source_authority_resolved,source_traceable
SP-000020,APFFPD,Área de Protección de Flora y Fauna Playa Delfines,amazona amazona albifrons,Amazona Amazona albifrons,species,Animalia,Chordata,Aves,Psittaciformes,Psittacidae,Amazona,SNIB,SNIB/CONABIO valid taxonomy:amazona amazona albifrons,15,11,Insumos/APFF Playa Delfines/PlayaDelfines_SNIB.xlsx,Sujeta a protección especial (Pr),Preocupación menor (LC),Apéndice II,DOF 2014,,,possible_cross_source_duplicate,source_authority_resolved,source_traceable
SP-000021,APFFPD,Área de Protección de Flora y Fauna Playa Delfines,amazona amazona autumnalis,Amazona Amazona autumnalis,species,Animalia,Chordata,Aves,Psittaciformes,Psittacidae,Amazona,SNIB,SNIB/CONABIO valid taxonomy:amazona amazona autumnalis,1,1,Insumos/APFF Playa Delfines/PlayaDelfines_SNIB.xlsx,Amenazada (A),Preocupación menor (LC),Apéndice II,DOF 2014,,,,source_authority_resolved,source_traceable
SP-000019,APFFPD,Área de Protección de Flora y Fauna Playa Delfines,amazona albifrons,Amazona albifrons,SPECIES,Animalia,Chordata,Aves,Psittaciformes,Psittacidae,Amazona,GBIF,GBIF Backbone:2479618.0,10,7,Insumos/APFF Playa Delfines/PlayaDelfines_GBIF.xlsx,,,,,,,possible_cross_source_duplicate,source_authority_resolved,source_traceable
SP-000022,APFFPD,Área de Protección de Flora y Fauna Playa Delfines,amazona autumnalis,Amazona autumnalis,SPECIES,Animalia,Chordata,Aves,Psittaciformes,Psittacidae,Amazona,GBIF,GBIF Backbone:2479623.0,2,1,Insumos/APFF Playa Delfines/PlayaDelfines_GBIF.xlsx,,,,,,,possible_cross_source_duplicate,source_authority_resolved,source_traceable
SP-000023,APFFPD,Área de Protección de Flora y Fauna Playa Delfines,ambrosia ambrosia hispida,Ambrosia Ambrosia hispida,species,Plantae,Tracheophyta,Magnoliopsida,Asterales,Asteraceae,Ambrosia,SNIB,SNIB/CONABIO valid taxonomy:ambrosia ambrosia hispida,2,2,Insumos/APFF Playa Delfines/PlayaDelfines_SNIB.xlsx,,,,,,,,source_authority_resolved,source_traceable
SP-000024,APFFPD,Área de Protección de Flora y Fauna Playa Delfines,ambrosia hispida,Ambrosia hispida,species,Plantae,Tracheophyta,Magnoliopsida,Asterales,Asteraceae,Ambrosia,GBIF; Naturalista,GBIF Backbone:3110680.0; Naturalista/iNaturalist taxonomy:121278,5,5,Insumos/APFF Playa Delfines/PlayaDelfines_GBIF.xlsx; Insumos/APFF Playa Delfines/PlayaDelfines_Naturalista.xlsx,,,,,,,,source_authority_resolved,source_traceable
SP-000025,APFFPD,Área de Protección de Flora y Fauna Playa Delfines,americoliva americoliva sayana,Americoliva Americoliva sayana,species,Animalia,Mollusca,Gastropoda,Neogastropoda,Olividae,Americoliva,SNIB,SNIB/CONABIO valid taxonomy:americoliva americoliva sayana,1,1,Insumos/APFF Playa Delfines/PlayaDelfines_SNIB.xlsx,,,,,,,,source_authority_resolved,source_traceable
SP-000026,APFFPD,Área de Protección de Flora y Fauna Playa Delfines,anarhynchus anarhynchus nivosus,Anarhynchus Anarhynchus nivosus,species,Animalia,Chordata,Aves,Charadriiformes,Charadriidae,Anarhynchus,SNIB,SNIB/CONABIO valid taxonomy:anarhynchus anarhynchus nivosus,2,2,Insumos/APFF Playa Delfines/PlayaDelfines_SNIB.xlsx,Amenazada (A) (Publicado en NOM-059-SEMARNAT 2010-Mod. Anexo Normativo III 2019 como Charadrius nivosus (ver relaciones de sinonimia).),Casi amenazado (NT) (En IUCN Red List 2025-1 como Charadrius nivosus (ver relaciones de sinonimia).),,,,,,source_authority_resolved,source_traceable
SP-000027,APFFPD,Área de Protección de Flora y Fauna Playa Delfines,anarhynchus anarhynchus wilsonia,Anarhynchus Anarhynchus wilsonia,species,Animalia,Chordata,Aves,Charadriiformes,Charadriidae,Anarhynchus,SNIB,SNIB/CONABIO valid taxonomy:anarhynchus anarhynchus wilsonia,8,7,Insumos/APFF Playa Delfines/PlayaDelfines_SNIB.xlsx,,Preocupación menor (LC) (En IUCN Red List 2025-1 como Charadrius wilsonia (ver relaciones de sinonimia).),,,,,possible_cross_source_duplicate,source_authority_resolved,source_traceable
SP-000028,APFFPD,Área de Protección de Flora y Fauna Playa Delfines,angiospermae,Angiospermae,,Plantae,Tracheophyta,,,,,Naturalista,Naturalista/iNaturalist taxonomy:47125,1,1,Insumos/APFF Playa Delfines/PlayaDelfines_Naturalista.xlsx,,,,,,,,source_authority_resolved,source_traceable
SP-000030,APFFPD,Área de Protección de Flora y Fauna Playa Delfines,anhinga anhinga anhinga,Anhinga Anhinga anhinga,species,Animalia,Chordata,Aves,Suliformes,Anhingidae,Anhinga,SNIB,SNIB/CONABIO valid taxonomy:anhinga anhinga anhinga,28,22,Insumos/APFF Playa Delfines/PlayaDelfines_SNIB.xlsx,,Preocupación menor (LC),,,,,possible_cross_source_duplicate,source_authority_resolved,source_traceable
SP-000029,APFFPD,Área de Protección de Flora y Fauna Playa Delfines,anhinga anhinga,Anhinga anhinga,SPECIES,Animalia,Chordata,Aves,Suliformes,Anhingidae,Anhinga,GBIF,GBIF Backbone:2482082.0,17,11,Insumos/APFF Playa Delfines/PlayaDelfines_GBIF.xlsx,,,,,,,possible_cross_source_duplicate,source_authority_resolved,source_traceable
SP-000031,APFFPD,Área de Protección de Flora y Fauna Playa Delfines,anolis anolis sagrei,Anolis Anolis sagrei,species,Animalia,Chordata,Reptilia,Squamata,Anolidae,Anolis,SNIB,SNIB/CONABIO valid taxonomy:anolis anolis sagrei,11,10,Insumos/APFF Playa Delfines/PlayaDelfines_SNIB.xlsx,,Preocupación menor (LC),,,,Exótica-Invasora,possible_cross_source_duplicate,source_authority_resolved,source_traceable
SP-000032,APFFPD,Área de Protección de Flora y Fauna Playa Delfines,anolis sagrei,Anolis sagrei,SPECIES,Animalia,Chordata,Squamata,,Dactyloidae,Anolis,GBIF,GBIF Backbone:4287413.0,1,1,Insumos/APFF Playa Delfines/PlayaDelfines_GBIF.xlsx,,,,,,,,source_authority_resolved,source_traceable
SP-000033,APFFPD,Área de Protección de Flora y Fauna Playa Delfines,anteos anteos maerula,Anteos Anteos maerula,species,Animalia,Arthropoda,Insecta,Lepidoptera,Pieridae,Anteos,SNIB,SNIB/CONABIO valid taxonomy:anteos anteos maerula,1,1,Insumos/APFF Playa Delfines/PlayaDelfines_SNIB.xlsx,,,,,,,,source_authority_resolved,source_traceable
SP-000034,APFFPD,Área de Protección de Flora y Fauna Playa Delfines,anteos maerula,Anteos maerula,SPECIES,Animalia,Arthropoda,Insecta,Lepidoptera,Pieridae,Anteos,GBIF,GBIF Backbone:1919128.0,1,1,Insumos/APFF Playa Delfines/PlayaDelfines_GBIF.xlsx,,,,,,,,source_authority_resolved,source_traceable
SP-000035,APFFPD,Área de Protección de Flora y Fauna Playa Delfines,anthracothorax anthracothorax prevostii,Anthracothorax Anthracothorax prevostii,species,Animalia,Chordata,Aves,Apodiformes,Trochilidae,Anthracothorax,SNIB,SNIB/CONABIO valid taxonomy:anthracothorax anthracothorax prevostii,58,40,Insumos/APFF Playa Delfines/PlayaDelfines_SNIB.xlsx,,Preocupación menor (LC),Apéndice II,,,,possible_cross_source_duplicate,source_authority_resolved,source_traceable
SP-000036,APFFPD,Área de Protección de Flora y Fauna Playa Delfines,anthracothorax prevostii,Anthracothorax prevostii,SPECIES,Animalia,Chordata,Aves,Apodiformes,Trochilidae,Anthracothorax,GBIF,GBIF Backbone:2476722.0,40,22,Insumos/APFF Playa Delfines/PlayaDelfines_GBIF.xlsx,,,,,,,possible_cross_source_duplicate,source_authority_resolved,source_traceable
SP-000037,APFFPD,Área de Protección de Flora y Fauna Playa Delfines,apis apis mellifera,Apis Apis mellifera,species,Animalia,Arthropoda,Insecta,Hymenoptera,Apidae,Apis,SNIB,SNIB/CONABIO valid taxonomy:apis apis mellifera,6,6,Insumos/APFF Playa Delfines/PlayaDelfines_SNIB.xlsx,,,,,,Exótica,,source_authority_resolved,source_traceable
SP-000038,APFFPD,Área de Protección de Flora y Fauna Playa Delfines,apis mellifera,Apis mellifera,species,Animalia,Arthropoda,Insecta,Hymenoptera,Apidae,Apis,GBIF; Naturalista,GBIF Backbone:1341976.0; Naturalista/iNaturalist taxonomy:47219,7,7,Insumos/APFF Playa Delfines/PlayaDelfines_GBIF.xlsx; Insumos/APFF Playa Delfines/PlayaDelfines_Naturalista.xlsx,,,,,,,,source_authority_resolved,source_traceable
SP-000040,APFFPD,Área de Protección de Flora y Fauna Playa Delfines,aramides aramides albiventris,Aramides Aramides albiventris,species,Animalia,Chordata,Aves,Gruiformes,Rallidae,Aramides,SNIB,SNIB/CONABIO valid taxonomy:aramides aramides albiventris,1,1,Insumos/APFF Playa Delfines/PlayaDelfines_SNIB.xlsx,,Preocupación menor (LC),,,,,,source_authority_resolved,source_traceable
SP-000039,APFFPD,Área de Protección de Flora y Fauna Playa Delfines,aramides albiventris,Aramides albiventris,SPECIES,Animalia,Chordata,Aves,Gruiformes,Rallidae,Aramides,GBIF,GBIF Backbone:8872791.0,1,1,Insumos/APFF Playa Delfines/PlayaDelfines_GBIF.xlsx,,,,,,,,source_authority_resolved,source_traceable
SP-000041,APFFPD,Área de Protección de Flora y Fauna Playa Delfines,aratinga nana,Aratinga nana,SPECIES,Animalia,Chordata,Aves,Psittaciformes,Psittacidae,Aratinga,GBIF,GBIF Backbone:2479107.0,16,10,Insumos/APFF Playa Delfines/PlayaDelfines_GBIF.xlsx,,,,,,,possible_cross_source_duplicate,source_authority_resolved,source_traceable
SP-000042,APFFPD,Área de Protección de Flora y Fauna Playa Delfines,archilochus archilochus colubris,Archilochus Archilochus colubris,species,Animalia,Chordata,Aves,Apodiformes,Trochilidae,Archilochus,SNIB,SNIB/CONABIO valid taxonomy:archilochus archilochus colubris,6,5,Insumos/APFF Playa Delfines/PlayaDelfines_SNIB.xlsx,,Preocupación menor (LC),Apéndice II,,,,possible_cross_source_duplicate,source_authority_resolved,source_traceable
SP-000043,APFFPD,Área de Protección de Flora y Fauna Playa Delfines,archilochus colubris,Archilochus colubris,SPECIES,Animalia,Chordata,Aves,Apodiformes,Trochilidae,Archilochus,GBIF,GBIF Backbone:5228514.0,3,3,Insumos/APFF Playa Delfines/PlayaDelfines_GBIF.xlsx,,,,,,,,source_authority_resolved,source_traceable
SP-000045,APFFPD,Área de Protección de Flora y Fauna Playa Delfines,ardea ardea alba,Ardea Ardea alba,species,Animalia,Chordata,Aves,Pelecaniformes,Ardeidae,Ardea,SNIB,SNIB/CONABIO valid taxonomy:ardea ardea alba,38,29,Insumos/APFF Playa Delfines/PlayaDelfines_SNIB.xlsx,,Preocupación menor (LC),,,,,possible_cross_source_duplicate,source_authority_resolved,source_traceable
SP-000046,APFFPD,Área de Protección de Flora y Fauna Playa Delfines,ardea ardea alba egretta subespecie,Ardea Ardea alba egretta subespecie,species,Animalia,Chordata,Aves,Pelecaniformes,Ardeidae,Ardea,SNIB,SNIB/CONABIO valid taxonomy:ardea ardea alba egretta subespecie,4,4,Insumos/APFF Playa Delfines/PlayaDelfines_SNIB.xlsx,,Preocupación menor (LC),,,,,,source_authority_resolved,source_traceable
SP-000047,APFFPD,Área de Protección de Flora y Fauna Playa Delfines,ardea ardea herodias,Ardea Ardea herodias,species,Animalia,Chordata,Aves,Pelecaniformes,Ardeidae,Ardea,SNIB,SNIB/CONABIO valid taxonomy:ardea ardea herodias,19,15,Insumos/APFF Playa Delfines/PlayaDelfines_SNIB.xlsx,,Preocupación menor (LC),,,,,possible_cross_source_duplicate,source_authority_resolved,source_traceable
SP-000048,APFFPD,Área de Protección de Flora y Fauna Playa Delfines,ardea ardea herodias occidentalis subespecie,Ardea Ardea herodias occidentalis subespecie,species,Animalia,Chordata,Aves,Pelecaniformes,Ardeidae,Ardea,SNIB,SNIB/CONABIO valid taxonomy:ardea ardea herodias occidentalis subespecie,11,10,Insumos/APFF Playa Delfines/PlayaDelfines_SNIB.xlsx,,Preocupación menor (LC),,,,,possible_cross_source_duplicate,source_authority_resolved,source_traceable
SP-000049,APFFPD,Área de Protección de Flora y Fauna Playa Delfines,ardea ardea ibis,Ardea Ardea ibis,species,Animalia,Chordata,Aves,Pelecaniformes,Ardeidae,Ardea,SNIB,SNIB/CONABIO valid taxonomy:ardea ardea ibis,13,13,Insumos/APFF Playa Delfines/PlayaDelfines_SNIB.xlsx,,Preocupación menor (LC) (En IUCN Red List 2025-1 como Bubulcus ibis (ver relaciones de sinonimia).),,,,Exótica-Invasora,,source_authority_resolved,source_traceable
SP-000044,APFFPD,Área de Protección de Flora y Fauna Playa Delfines,ardea alba,Ardea alba,SPECIES,Animalia,Chordata,Aves,Pelecaniformes,Ardeidae,Ardea,GBIF,GBIF Backbone:9752617.0,19,15,Insumos/APFF Playa Delfines/PlayaDelfines_GBIF.xlsx,,,,,,,possible_cross_source_duplicate,source_authority_resolved,source_traceable
SP-000050,APFFPD,Área de Protección de Flora y Fauna Playa Delfines,ardea herodias,Ardea herodias,SPECIES,Animalia,Chordata,Aves,Pelecaniformes,Ardeidae,Ardea,GBIF,GBIF Backbone:9630752.0,16,11,Insumos/APFF Playa Delfines/PlayaDelfines_GBIF.xlsx,,,,,,,possible_cross_source_duplicate,source_authority_resolved,source_traceable
SP-000051,APFFPD,Área de Protección de Flora y Fauna Playa Delfines,arenaria arenaria interpres,Arenaria Arenaria interpres,species,Animalia,Chordata,Aves,Charadriiformes,Scolopacidae,Arenaria,SNIB,SNIB/CONABIO valid taxonomy:arenaria arenaria interpres,111,76,Insumos/APFF Playa Delfines/PlayaDelfines_SNIB.xlsx,,Casi amenazado (NT),,,,,possible_cross_source_duplicate,source_authority_resolved,source_traceable
SP-000052,APFFPD,Área de Protección de Flora y Fauna Playa Delfines,arenaria interpres,Arenaria interpres,SPECIES,Animalia,Chordata,Aves,Charadriiformes,Scolopacidae,Arenaria,GBIF,GBIF Backbone:2481776.0,30,20,Insumos/APFF Playa Delfines/PlayaDelfines_GBIF.xlsx,,,,,,,possible_cross_source_duplicate,source_authority_resolved,source_traceable
SP-000053,APFFPD,Área de Protección de Flora y Fauna Playa Delfines,argiope,Argiope,,Animalia,Arthropoda,Arachnida,Araneae,Araneidae,,Naturalista,Naturalista/iNaturalist taxonomy:47552,2,2,Insumos/APFF Playa Delfines/PlayaDelfines_Naturalista.xlsx,,,,,,,,source_authority_resolved,source_traceable
SP-000054,APFFPD,Área de Protección de Flora y Fauna Playa Delfines,arremonops arremonops rufivirgatus,Arremonops Arremonops rufivirgatus,species,Animalia,Chordata,Aves,Passeriformes,Passerellidae,Arremonops,SNIB,SNIB/CONABIO valid taxonomy:arremonops arremonops rufivirgatus,1,1,Insumos/APFF Playa Delfines/PlayaDelfines_SNIB.xlsx,,Preocupación menor (LC),,,Cuasiendémica,,,source_authority_resolved,source_traceable
SP-000055,APFFPD,Área de Protección de Flora y Fauna Playa Delfines,arremonops rufivirgatus,Arremonops rufivirgatus,SPECIES,Animalia,Chordata,Aves,Passeriformes,Passerellidae,Arremonops,GBIF,GBIF Backbone:2491031.0,1,1,Insumos/APFF Playa Delfines/PlayaDelfines_GBIF.xlsx,,,,,,,,source_authority_resolved,source_traceable
SP-000056,APFFPD,Área de Protección de Flora y Fauna Playa Delfines,arthropoda,Arthropoda,,Animalia,Arthropoda,,,,,Naturalista,Naturalista/iNaturalist taxonomy:47120,1,1,Insumos/APFF Playa Delfines/PlayaDelfines_Naturalista.xlsx,,,,,,,,source_authority_resolved,source_traceable
SP-000057,APFFPD,Área de Protección de Flora y Fauna Playa Delfines,artibeus artibeus jamaicensis,Artibeus Artibeus jamaicensis,species,Animalia,Chordata,Mammalia,Chiroptera,Phyllostomidae,Artibeus,SNIB,SNIB/CONABIO valid taxonomy:artibeus artibeus jamaicensis,1,1,Insumos/APFF Playa Delfines/PlayaDelfines_SNIB.xlsx,,Preocupación menor (LC),,,,,,source_authority_resolved,source_traceable
SP-000058,APFFPD,Área de Protección de Flora y Fauna Playa Delfines,artibeus jamaicensis,Artibeus jamaicensis,SPECIES,Animalia,Chordata,Mammalia,Chiroptera,Phyllostomidae,Artibeus,GBIF,GBIF Backbone:2433272.0,1,1,Insumos/APFF Playa Delfines/PlayaDelfines_GBIF.xlsx,,,,,,,,source_authority_resolved,source_traceable
SP-000059,APFFPD,Área de Protección de Flora y Fauna Playa Delfines,ascalapha ascalapha odorata,Ascalapha Ascalapha odorata,species,Animalia,Arthropoda,Insecta,Lepidoptera,Erebidae,Ascalapha,SNIB,SNIB/CONABIO valid taxonomy:ascalapha ascalapha odorata,1,1,Insumos/APFF Playa Delfines/PlayaDelfines_SNIB.xlsx,,,,,,,,source_authority_resolved,source_traceable
SP-000060,APFFPD,Área de Protección de Flora y Fauna Playa Delfines,aspidoscelis aspidoscelis maslini,Aspidoscelis Aspidoscelis maslini,species,Animalia,Chordata,Reptilia,Squamata,Teiidae,Aspidoscelis,SNIB,SNIB/CONABIO valid taxonomy:aspidoscelis aspidoscelis maslini,1,1,Insumos/APFF Playa Delfines/PlayaDelfines_SNIB.xlsx,Amenazada (A),Preocupación menor (LC),,,,,,source_authority_resolved,source_traceable
SP-000061,APFFPD,Área de Protección de Flora y Fauna Playa Delfines,averrhoa averrhoa carambola,Averrhoa Averrhoa carambola,species,Plantae,Tracheophyta,Magnoliopsida,Oxalidales,Oxalidaceae,Averrhoa,SNIB,SNIB/CONABIO valid taxonomy:averrhoa averrhoa carambola,1,1,Insumos/APFF Playa Delfines/PlayaDelfines_SNIB.xlsx,,,,,,Exótica,,source_authority_resolved,source_traceable
SP-000062,APFFPD,Área de Protección de Flora y Fauna Playa Delfines,aythya aythya affinis,Aythya Aythya affinis,species,Animalia,Chordata,Aves,Anseriformes,Anatidae,Aythya,SNIB,SNIB/CONABIO valid taxonomy:aythya aythya affinis,1,1,Insumos/APFF Playa Delfines/PlayaDelfines_SNIB.xlsx,,Preocupación menor (LC),,DOF 2014,,,,source_authority_resolved,source_traceable
SP-000063,APFFPD,Área de Protección de Flora y Fauna Playa Delfines,bartramia bartramia longicauda,Bartramia Bartramia longicauda,species,Animalia,Chordata,Aves,Charadriiformes,Scolopacidae,Bartramia,SNIB,SNIB/CONABIO valid taxonomy:bartramia bartramia longicauda,2,2,Insumos/APFF Playa Delfines/PlayaDelfines_SNIB.xlsx,,Preocupación menor (LC),,DOF 2014,,,,source_authority_resolved,source_traceable
SP-000064,APFFPD,Área de Protección de Flora y Fauna Playa Delfines,bartramia longicauda,Bartramia longicauda,SPECIES,Animalia,Chordata,Aves,Charadriiformes,Scolopacidae,Bartramia,GBIF,GBIF Backbone:2481705.0,1,1,Insumos/APFF Playa Delfines/PlayaDelfines_GBIF.xlsx,,,,,,,,source_authority_resolved,source_traceable
SP-000065,APFFPD,Área de Protección de Flora y Fauna Playa Delfines,batophora batophora oerstedii,Batophora Batophora oerstedii,species,Plantae,Chlorophyta,Ulvophyceae,Dasycladales,Dasycladaceae,Batophora,SNIB,SNIB/CONABIO valid taxonomy:batophora batophora oerstedii,1,1,Insumos/APFF Playa Delfines/PlayaDelfines_SNIB.xlsx,,,,,,,,source_authority_resolved,source_traceable
SP-000066,APFFPD,Área de Protección de Flora y Fauna Playa Delfines,bembicina,Bembicina,,Animalia,Arthropoda,Insecta,Hymenoptera,Crabronidae,,Naturalista,Naturalista/iNaturalist taxonomy:507574,1,1,Insumos/APFF Playa Delfines/PlayaDelfines_Naturalista.xlsx,,,,,,,,source_authority_resolved,source_traceable
SP-000067,APFFPD,Área de Protección de Flora y Fauna Playa Delfines,boa boa imperator,Boa Boa imperator,species,Animalia,Chordata,Reptilia,Squamata,Boidae,Boa,SNIB,SNIB/CONABIO valid taxonomy:boa boa imperator,1,1,Insumos/APFF Playa Delfines/PlayaDelfines_SNIB.xlsx,Amenazada (A) (Publicado en NOM-059-SEMARNAT 2010-Mod. Anexo Normativo III 2019 como Boa constrictor (ver Anotación al taxón).),Preocupación menor (LC),"Apéndice II (Publicado en CITES 2022 como Boidae spp., familia ascendente de este taxón.)",,,,,source_authority_resolved,source_traceable
SP-000068,APFFPD,Área de Protección de Flora y Fauna Playa Delfines,bombycilla bombycilla cedrorum,Bombycilla Bombycilla cedrorum,species,Animalia,Chordata,Aves,Passeriformes,Bombycillidae,Bombycilla,SNIB,SNIB/CONABIO valid taxonomy:bombycilla bombycilla cedrorum,1,1,Insumos/APFF Playa Delfines/PlayaDelfines_SNIB.xlsx,,Preocupación menor (LC),,,,,,source_authority_resolved,source_traceable
SP-000069,APFFPD,Área de Protección de Flora y Fauna Playa Delfines,bombycilla cedrorum,Bombycilla cedrorum,SPECIES,Animalia,Chordata,Aves,Passeriformes,Bombycillidae,Bombycilla,GBIF,GBIF Backbone:2484609.0,1,1,Insumos/APFF Playa Delfines/PlayaDelfines_GBIF.xlsx,,,,,,,,source_authority_resolved,source_traceable
SP-000070,APFFPD,Área de Protección de Flora y Fauna Playa Delfines,bonellia macrocarpa,Bonellia macrocarpa,species,Plantae,Tracheophyta,Magnoliopsida,Ericales,Primulaceae,,Naturalista,Naturalista/iNaturalist taxonomy:281781,1,1,Insumos/APFF Playa Delfines/PlayaDelfines_Naturalista.xlsx,,,,,,,,source_authority_resolved,source_traceable
SP-000071,APFFPD,Área de Protección de Flora y Fauna Playa Delfines,botaurus botaurus exilis,Botaurus Botaurus exilis,species,Animalia,Chordata,Aves,Pelecaniformes,Ardeidae,Botaurus,SNIB,SNIB/CONABIO valid taxonomy:botaurus botaurus exilis,1,1,Insumos/APFF Playa Delfines/PlayaDelfines_SNIB.xlsx,Sujeta a protección especial (Pr) (Publicado en NOM-059-SEMARNAT 2010-Mod. Anexo Normativo III 2019 como Ixobrychus exilis (ver relaciones de sinonimia).),Preocupación menor (LC) (En IUCN Red List 2025-1 como Ixobrychus exilis (ver relaciones de sinonimia).),,,,,,source_authority_resolved,source_traceable
SP-000072,APFFPD,Área de Protección de Flora y Fauna Playa Delfines,bubulcus bubulcus ibis ibis subespecie,Bubulcus Bubulcus ibis ibis subespecie,,,,,,Ardeidae,Bubulcus,SNIB,SNIB/CONABIO valid taxonomy:bubulcus bubulcus ibis ibis subespecie,2,1,Insumos/APFF Playa Delfines/PlayaDelfines_SNIB.xlsx,,,,,,,possible_cross_source_duplicate,source_authority_resolved,source_traceable
SP-000073,APFFPD,Área de Protección de Flora y Fauna Playa Delfines,bubulcus ibis,Bubulcus ibis,SPECIES,Animalia,Chordata,Aves,Pelecaniformes,Ardeidae,Bubulcus,GBIF,GBIF Backbone:2480830.0,7,7,Insumos/APFF Playa Delfines/PlayaDelfines_GBIF.xlsx,,,,,,,,source_authority_resolved,source_traceable
SP-000074,APFFPD,Área de Protección de Flora y Fauna Playa Delfines,bursera bursera simaruba,Bursera Bursera simaruba,species,Plantae,Tracheophyta,Magnoliopsida,Sapindales,Burseraceae,Bursera,SNIB,SNIB/CONABIO valid taxonomy:bursera bursera simaruba,2,2,Insumos/APFF Playa Delfines/PlayaDelfines_SNIB.xlsx,,Preocupación menor (LC),,,,,coordinate_uncertainty_gt_10km,source_authority_resolved,source_traceable
SP-000075,APFFPD,Área de Protección de Flora y Fauna Playa Delfines,bursera simaruba,Bursera simaruba,SPECIES,Plantae,Tracheophyta,Magnoliopsida,Sapindales,Burseraceae,Bursera,GBIF; Naturalista,GBIF Backbone:3190450.0; Naturalista/iNaturalist taxonomy:130734,2,2,Insumos/APFF Playa Delfines/PlayaDelfines_GBIF.xlsx; Insumos/APFF Playa Delfines/PlayaDelfines_Naturalista.xlsx,,,,,,,coordinate_uncertainty_gt_10km,source_authority_resolved,source_traceable
SP-000076,APFFPD,Área de Protección de Flora y Fauna Playa Delfines,buteo,Buteo,,Animalia,Chordata,Aves,Accipitriformes,Accipitridae,Buteo,SNIB,SNIB/CONABIO valid taxonomy:buteo,2,2,Insumos/APFF Playa Delfines/PlayaDelfines_SNIB.xlsx,,,,,,,,source_authority_resolved,source_traceable
SP-000079,APFFPD,Área de Protección de Flora y Fauna Playa Delfines,buteo buteo albonotatus,Buteo Buteo albonotatus,species,Animalia,Chordata,Aves,Accipitriformes,Accipitridae,Buteo,SNIB,SNIB/CONABIO valid taxonomy:buteo buteo albonotatus,2,2,Insumos/APFF Playa Delfines/PlayaDelfines_SNIB.xlsx,Sujeta a protección especial (Pr),Preocupación menor (LC),Apéndice II,,,,,source_authority_resolved,source_traceable
SP-000077,APFFPD,Área de Protección de Flora y Fauna Playa Delfines,buteo albicaudatus,Buteo albicaudatus,SPECIES,Animalia,Chordata,Aves,Accipitriformes,Accipitridae,Buteo,GBIF,GBIF Backbone:2480519.0,1,1,Insumos/APFF Playa Delfines/PlayaDelfines_GBIF.xlsx,,,,,,,,source_authority_resolved,source_traceable
SP-000078,APFFPD,Área de Protección de Flora y Fauna Playa Delfines,buteo albonotatus,Buteo albonotatus,SPECIES,Animalia,Chordata,Aves,Accipitriformes,Accipitridae,Buteo,GBIF,GBIF Backbone:2480541.0,2,2,Insumos/APFF Playa Delfines/PlayaDelfines_GBIF.xlsx,,,,,,,,source_authority_resolved,source_traceable
SP-000081,APFFPD,Área de Protección de Flora y Fauna Playa Delfines,buteogallus buteogallus anthracinus,Buteogallus Buteogallus anthracinus,species,Animalia,Chordata,Aves,Accipitriformes,Accipitridae,Buteogallus,SNIB,SNIB/CONABIO valid taxonomy:buteogallus buteogallus anthracinus,13,12,Insumos/APFF Playa Delfines/PlayaDelfines_SNIB.xlsx,Sujeta a protección especial (Pr),Preocupación menor (LC),Apéndice II,,,,possible_cross_source_duplicate,source_authority_resolved,source_traceable
SP-000080,APFFPD,Área de Protección de Flora y Fauna Playa Delfines,buteogallus anthracinus,Buteogallus anthracinus,SPECIES,Animalia,Chordata,Aves,Accipitriformes,Accipitridae,Buteogallus,GBIF,GBIF Backbone:2480651.0,9,8,Insumos/APFF Playa Delfines/PlayaDelfines_GBIF.xlsx,,,,,,,possible_cross_source_duplicate,source_authority_resolved,source_traceable
SP-000082,APFFPD,Área de Protección de Flora y Fauna Playa Delfines,butorides butorides virescens,Butorides Butorides virescens,species,Animalia,Chordata,Aves,Pelecaniformes,Ardeidae,Butorides,SNIB,SNIB/CONABIO valid taxonomy:butorides butorides virescens,34,29,Insumos/APFF Playa Delfines/PlayaDelfines_SNIB.xlsx,,Preocupación menor (LC) (En IUCN Red List 2025-1 como Butorides striata (ver Anotación al taxón).),,,,,possible_cross_source_duplicate,source_authority_resolved,source_traceable
SP-000083,APFFPD,Área de Protección de Flora y Fauna Playa Delfines,butorides virescens,Butorides virescens,SPECIES,Animalia,Chordata,Aves,Pelecaniformes,Ardeidae,Butorides,GBIF,GBIF Backbone:9539567.0,18,14,Insumos/APFF Playa Delfines/PlayaDelfines_GBIF.xlsx,,,,,,,possible_cross_source_duplicate,source_authority_resolved,source_traceable
SP-000084,APFFPD,Área de Protección de Flora y Fauna Playa Delfines,cactaceae,Cactaceae,,Plantae,Tracheophyta,Magnoliopsida,Caryophyllales,Cactaceae,,Naturalista,Naturalista/iNaturalist taxonomy:47903,1,1,Insumos/APFF Playa Delfines/PlayaDelfines_Naturalista.xlsx,,,,,,,,source_authority_resolved,source_traceable
SP-000085,APFFPD,Área de Protección de Flora y Fauna Playa Delfines,calidris,Calidris,,Animalia,Chordata,Aves,Charadriiformes,Scolopacidae,Calidris,SNIB,SNIB/CONABIO valid taxonomy:calidris,1,1,Insumos/APFF Playa Delfines/PlayaDelfines_SNIB.xlsx,,,,,,,,source_authority_resolved,source_traceable
SP-000087,APFFPD,Área de Protección de Flora y Fauna Playa Delfines,calidris calidris alba,Calidris Calidris alba,species,Animalia,Chordata,Aves,Charadriiformes,Scolopacidae,Calidris,SNIB,SNIB/CONABIO valid taxonomy:calidris calidris alba,44,27,Insumos/APFF Playa Delfines/PlayaDelfines_SNIB.xlsx,,Preocupación menor (LC),,,,,possible_cross_source_duplicate,source_authority_resolved,source_traceable
SP-000088,APFFPD,Área de Protección de Flora y Fauna Playa Delfines,calidris calidris fuscicollis,Calidris Calidris fuscicollis,species,Animalia,Chordata,Aves,Charadriiformes,Scolopacidae,Calidris,SNIB,SNIB/CONABIO valid taxonomy:calidris calidris fuscicollis,1,1,Insumos/APFF Playa Delfines/PlayaDelfines_SNIB.xlsx,,Vulnerable (VU),,,,,,source_authority_resolved,source_traceable
SP-000089,APFFPD,Área de Protección de Flora y Fauna Playa Delfines,calidris calidris himantopus,Calidris Calidris himantopus,species,Animalia,Chordata,Aves,Charadriiformes,Scolopacidae,Calidris,SNIB,SNIB/CONABIO valid taxonomy:calidris calidris himantopus,2,2,Insumos/APFF Playa Delfines/PlayaDelfines_SNIB.xlsx,,Casi amenazado (NT),,,,,,source_authority_resolved,source_traceable
SP-000090,APFFPD,Área de Protección de Flora y Fauna Playa Delfines,calidris calidris mauri,Calidris Calidris mauri,species,Animalia,Chordata,Aves,Charadriiformes,Scolopacidae,Calidris,SNIB,SNIB/CONABIO valid taxonomy:calidris calidris mauri,7,6,Insumos/APFF Playa Delfines/PlayaDelfines_SNIB.xlsx,Amenazada (A),Preocupación menor (LC),,,,,possible_cross_source_duplicate,source_authority_resolved,source_traceable
SP-000091,APFFPD,Área de Protección de Flora y Fauna Playa Delfines,calidris calidris minutilla,Calidris Calidris minutilla,species,Animalia,Chordata,Aves,Charadriiformes,Scolopacidae,Calidris,SNIB,SNIB/CONABIO valid taxonomy:calidris calidris minutilla,37,29,Insumos/APFF Playa Delfines/PlayaDelfines_SNIB.xlsx,,Casi amenazado (NT),,,,,possible_cross_source_duplicate,source_authority_resolved,source_traceable
SP-000092,APFFPD,Área de Protección de Flora y Fauna Playa Delfines,calidris calidris pusilla,Calidris Calidris pusilla,species,Animalia,Chordata,Aves,Charadriiformes,Scolopacidae,Calidris,SNIB,SNIB/CONABIO valid taxonomy:calidris calidris pusilla,8,5,Insumos/APFF Playa Delfines/PlayaDelfines_SNIB.xlsx,,Casi amenazado (NT),,,,,possible_cross_source_duplicate,source_authority_resolved,source_traceable
SP-000086,APFFPD,Área de Protección de Flora y Fauna Playa Delfines,calidris alba,Calidris alba,SPECIES,Animalia,Chordata,Aves,Charadriiformes,Scolopacidae,Calidris,GBIF; Naturalista,GBIF Backbone:2481748.0; Naturalista/iNaturalist taxonomy:3849,4,4,Insumos/APFF Playa Delfines/PlayaDelfines_GBIF.xlsx; Insumos/APFF Playa Delfines/PlayaDelfines_Naturalista.xlsx,,,,,,,,source_authority_resolved,source_traceable
SP-000093,APFFPD,Área de Protección de Flora y Fauna Playa Delfines,calidris fuscicollis,Calidris fuscicollis,SPECIES,Animalia,Chordata,Aves,Charadriiformes,Scolopacidae,Calidris,GBIF,GBIF Backbone:2481756.0,1,1,Insumos/APFF Playa Delfines/PlayaDelfines_GBIF.xlsx,,,,,,,,source_authority_resolved,source_traceable
SP-000094,APFFPD,Área de Protección de Flora y Fauna Playa Delfines,calidris himantopus,Calidris himantopus,SPECIES,Animalia,Chordata,Aves,Charadriiformes,Scolopacidae,Calidris,GBIF,GBIF Backbone:5229400.0,1,1,Insumos/APFF Playa Delfines/PlayaDelfines_GBIF.xlsx,,,,,,,,source_authority_resolved,source_traceable
SP-000095,APFFPD,Área de Protección de Flora y Fauna Playa Delfines,calidris mauri,Calidris mauri,SPECIES,Animalia,Chordata,Aves,Charadriiformes,Scolopacidae,Calidris,GBIF,GBIF Backbone:2481742.0,3,3,Insumos/APFF Playa Delfines/PlayaDelfines_GBIF.xlsx,,,,,,,,source_authority_resolved,source_traceable
SP-000096,APFFPD,Área de Protección de Flora y Fauna Playa Delfines,calidris minutilla,Calidris minutilla,SPECIES,Animalia,Chordata,Aves,Charadriiformes,Scolopacidae,Calidris,GBIF,GBIF Backbone:2481745.0,19,15,Insumos/APFF Playa Delfines/PlayaDelfines_GBIF.xlsx,,,,,,,possible_cross_source_duplicate,source_authority_resolved,source_traceable
SP-000097,APFFPD,Área de Protección de Flora y Fauna Playa Delfines,calidris pusilla,Calidris pusilla,SPECIES,Animalia,Chordata,Aves,Charadriiformes,Scolopacidae,Calidris,GBIF,GBIF Backbone:2481764.0,3,3,Insumos/APFF Playa Delfines/PlayaDelfines_GBIF.xlsx,,,,,,,,source_authority_resolved,source_traceable
SP-000098,APFFPD,Área de Protección de Flora y Fauna Playa Delfines,calyptratae,Calyptratae,,Animalia,Arthropoda,Insecta,Diptera,,,Naturalista,Naturalista/iNaturalist taxonomy:342767,1,1,Insumos/APFF Playa Delfines/PlayaDelfines_Naturalista.xlsx,,,,,,,,source_authority_resolved,source_traceable
SP-000100,APFFPD,Área de Protección de Flora y Fauna Playa Delfines,camponotus camponotus tanaemyrmex zonatus,Camponotus Camponotus (Tanaemyrmex) zonatus,,,,,,Formicidae,Camponotus,SNIB,SNIB/CONABIO valid taxonomy:camponotus camponotus tanaemyrmex zonatus,1,1,Insumos/APFF Playa Delfines/PlayaDelfines_SNIB.xlsx,,,,,,,,source_authority_resolved,source_traceable
SP-000099,APFFPD,Área de Protección de Flora y Fauna Playa Delfines,camponotus camponotus sericeiventris,Camponotus Camponotus sericeiventris,species,Animalia,Arthropoda,Insecta,Hymenoptera,Formicidae,Camponotus,SNIB,SNIB/CONABIO valid taxonomy:camponotus camponotus sericeiventris,1,1,Insumos/APFF Playa Delfines/PlayaDelfines_SNIB.xlsx,,,,,,,,source_authority_resolved,source_traceable
SP-000101,APFFPD,Área de Protección de Flora y Fauna Playa Delfines,camponotus zonatus,Camponotus zonatus,species,Animalia,Arthropoda,Insecta,Hymenoptera,Formicidae,,Naturalista,Naturalista/iNaturalist taxonomy:1116485,1,1,Insumos/APFF Playa Delfines/PlayaDelfines_Naturalista.xlsx,,,,,,,,source_authority_resolved,source_traceable
SP-000102,APFFPD,Área de Protección de Flora y Fauna Playa Delfines,camptostoma camptostoma imberbe,Camptostoma Camptostoma imberbe,species,Animalia,Chordata,Aves,Passeriformes,Tyrannidae,Camptostoma,SNIB,SNIB/CONABIO valid taxonomy:camptostoma camptostoma imberbe,1,1,Insumos/APFF Playa Delfines/PlayaDelfines_SNIB.xlsx,,Preocupación menor (LC),,,,,,source_authority_resolved,source_traceable
SP-000103,APFFPD,Área de Protección de Flora y Fauna Playa Delfines,camptostoma imberbe,Camptostoma imberbe,SPECIES,Animalia,Chordata,Aves,Passeriformes,Tyrannidae,Camptostoma,GBIF,GBIF Backbone:2483507.0,1,1,Insumos/APFF Playa Delfines/PlayaDelfines_GBIF.xlsx,,,,,,,,source_authority_resolved,source_traceable
SP-000104,APFFPD,Área de Protección de Flora y Fauna Playa Delfines,canavalia,Canavalia,,Plantae,Tracheophyta,Magnoliopsida,Fabales,Fabaceae,,Naturalista,Naturalista/iNaturalist taxonomy:131243,1,1,Insumos/APFF Playa Delfines/PlayaDelfines_Naturalista.xlsx,,,,,,,,source_authority_resolved,source_traceable
SP-000105,APFFPD,Área de Protección de Flora y Fauna Playa Delfines,canavalia canavalia rosea,Canavalia Canavalia rosea,species,Plantae,Tracheophyta,Magnoliopsida,Fabales,Fabaceae,Canavalia,SNIB,SNIB/CONABIO valid taxonomy:canavalia canavalia rosea,2,2,Insumos/APFF Playa Delfines/PlayaDelfines_SNIB.xlsx,,Preocupación menor (LC),,,,,,source_authority_resolved,source_traceable
SP-000106,APFFPD,Área de Protección de Flora y Fauna Playa Delfines,cannaphila cannaphila insularis,Cannaphila Cannaphila insularis,species,Animalia,Arthropoda,Insecta,Odonata,Libellulidae,Cannaphila,SNIB,SNIB/CONABIO valid taxonomy:cannaphila cannaphila insularis,1,1,Insumos/APFF Playa Delfines/PlayaDelfines_SNIB.xlsx,,Preocupación menor (LC),,,,,,source_authority_resolved,source_traceable
SP-000107,APFFPD,Área de Protección de Flora y Fauna Playa Delfines,cannaphila insularis,Cannaphila insularis,SPECIES,Animalia,Arthropoda,Insecta,Odonata,Libellulidae,Cannaphila,GBIF,GBIF Backbone:1428891.0,1,1,Insumos/APFF Playa Delfines/PlayaDelfines_GBIF.xlsx,,,,,,,,source_authority_resolved,source_traceable
SP-000108,APFFPD,Área de Protección de Flora y Fauna Playa Delfines,capparaceae,Capparaceae,,Plantae,Tracheophyta,Magnoliopsida,Brassicales,Capparaceae,,Naturalista,Naturalista/iNaturalist taxonomy:47847,1,1,Insumos/APFF Playa Delfines/PlayaDelfines_Naturalista.xlsx,,,,,,,,source_authority_resolved,source_traceable
SP-000109,APFFPD,Área de Protección de Flora y Fauna Playa Delfines,capraria capraria biflora,Capraria Capraria biflora,species,Plantae,Tracheophyta,Magnoliopsida,Lamiales,Scrophulariaceae,Capraria,SNIB,SNIB/CONABIO valid taxonomy:capraria capraria biflora,1,1,Insumos/APFF Playa Delfines/PlayaDelfines_SNIB.xlsx,,,,,,,,source_authority_resolved,source_traceable
SP-000110,APFFPD,Área de Protección de Flora y Fauna Playa Delfines,caranx caranx crysos,Caranx Caranx crysos,species,Animalia,Chordata,Actinopteri,Carangiformes,Carangidae,Caranx,SNIB,SNIB/CONABIO valid taxonomy:caranx caranx crysos,2,2,Insumos/APFF Playa Delfines/PlayaDelfines_SNIB.xlsx,,Preocupación menor (LC),,,,,,source_authority_resolved,source_traceable
SP-000111,APFFPD,Área de Protección de Flora y Fauna Playa Delfines,caranx caranx hippos,Caranx Caranx hippos,species,Animalia,Chordata,Actinopteri,Carangiformes,Carangidae,Caranx,SNIB,SNIB/CONABIO valid taxonomy:caranx caranx hippos,1,1,Insumos/APFF Playa Delfines/PlayaDelfines_SNIB.xlsx,,Preocupación menor (LC),,,,,,source_authority_resolved,source_traceable
SP-000113,APFFPD,Área de Protección de Flora y Fauna Playa Delfines,cardinalis cardinalis cardinalis,Cardinalis Cardinalis cardinalis,species,Animalia,Chordata,Aves,Passeriformes,Cardinalidae,Cardinalis,SNIB,SNIB/CONABIO valid taxonomy:cardinalis cardinalis cardinalis,3,3,Insumos/APFF Playa Delfines/PlayaDelfines_SNIB.xlsx,,Preocupación menor (LC),,,,,,source_authority_resolved,source_traceable
SP-000112,APFFPD,Área de Protección de Flora y Fauna Playa Delfines,cardinalis cardinalis,Cardinalis cardinalis,SPECIES,Animalia,Chordata,Aves,Passeriformes,Cardinalidae,Cardinalis,GBIF,GBIF Backbone:2490384.0,1,1,Insumos/APFF Playa Delfines/PlayaDelfines_GBIF.xlsx,,,,,,,,source_authority_resolved,source_traceable
SP-000114,APFFPD,Área de Protección de Flora y Fauna Playa Delfines,cardisoma cardisoma guanhumi,Cardisoma Cardisoma guanhumi,species,Animalia,Arthropoda,Malacostraca,Decapoda,Gecarcinidae,Cardisoma,SNIB,SNIB/CONABIO valid taxonomy:cardisoma cardisoma guanhumi,1,1,Insumos/APFF Playa Delfines/PlayaDelfines_SNIB.xlsx,,,,,,,,source_authority_resolved,source_traceable
SP-000115,APFFPD,Área de Protección de Flora y Fauna Playa Delfines,cardisoma guanhumi,Cardisoma guanhumi,SPECIES,Animalia,Arthropoda,Malacostraca,Decapoda,Gecarcinidae,Cardisoma,GBIF; Naturalista,GBIF Backbone:2225832.0; Naturalista/iNaturalist taxonomy:54952,2,2,Insumos/APFF Playa Delfines/PlayaDelfines_GBIF.xlsx; Insumos/APFF Playa Delfines/PlayaDelfines_Naturalista.xlsx,,,,,,,,source_authority_resolved,source_traceable
SP-000116,APFFPD,Área de Protección de Flora y Fauna Playa Delfines,carica carica papaya,Carica Carica papaya,species,Plantae,Tracheophyta,Magnoliopsida,Brassicales,Caricaceae,Carica,SNIB,SNIB/CONABIO valid taxonomy:carica carica papaya,1,1,Insumos/APFF Playa Delfines/PlayaDelfines_SNIB.xlsx,,Datos insuficientes (DD),,,,,,source_authority_resolved,source_traceable
SP-000119,APFFPD,Área de Protección de Flora y Fauna Playa Delfines,cathartes cathartes aura,Cathartes Cathartes aura,species,Animalia,Chordata,Aves,Cathartiformes,Cathartidae,Cathartes,SNIB,SNIB/CONABIO valid taxonomy:cathartes cathartes aura,74,48,Insumos/APFF Playa Delfines/PlayaDelfines_SNIB.xlsx,,Preocupación menor (LC),,,,,possible_cross_source_duplicate,source_authority_resolved,source_traceable
SP-000120,APFFPD,Área de Protección de Flora y Fauna Playa Delfines,cathartes cathartes burrovianus,Cathartes Cathartes burrovianus,species,Animalia,Chordata,Aves,Cathartiformes,Cathartidae,Cathartes,SNIB,SNIB/CONABIO valid taxonomy:cathartes cathartes burrovianus,21,18,Insumos/APFF Playa Delfines/PlayaDelfines_SNIB.xlsx,Sujeta a protección especial (Pr),Preocupación menor (LC),,,,,possible_cross_source_duplicate,source_authority_resolved,source_traceable
SP-000117,APFFPD,Área de Protección de Flora y Fauna Playa Delfines,cathartes aura,Cathartes aura,SPECIES,Animalia,Chordata,Aves,Accipitriformes,Cathartidae,Cathartes,GBIF,GBIF Backbone:2481930.0,33,17,Insumos/APFF Playa Delfines/PlayaDelfines_GBIF.xlsx,,,,,,,possible_cross_source_duplicate,source_authority_resolved,source_traceable
SP-000118,APFFPD,Área de Protección de Flora y Fauna Playa Delfines,cathartes burrovianus,Cathartes burrovianus,SPECIES,Animalia,Chordata,Aves,Accipitriformes,Cathartidae,Cathartes,GBIF,GBIF Backbone:2481928.0,11,10,Insumos/APFF Playa Delfines/PlayaDelfines_GBIF.xlsx,,,,,,,possible_cross_source_duplicate,source_authority_resolved,source_traceable
SP-000121,APFFPD,Área de Protección de Flora y Fauna Playa Delfines,catharus catharus ustulatus,Catharus Catharus ustulatus,species,Animalia,Chordata,Aves,Passeriformes,Turdidae,Catharus,SNIB,SNIB/CONABIO valid taxonomy:catharus catharus ustulatus,3,1,Insumos/APFF Playa Delfines/PlayaDelfines_SNIB.xlsx,,"Preocupación menor (LC) (En IUCN Red List 2025-1 con categoría LC, como Catharus ustulatus y Catharus swainsoni)",,,,,possible_cross_source_duplicate,source_authority_resolved,source_traceable
SP-000122,APFFPD,Área de Protección de Flora y Fauna Playa Delfines,catharus ustulatus,Catharus ustulatus,SPECIES,Animalia,Chordata,Aves,Passeriformes,Turdidae,Catharus,GBIF,GBIF Backbone:2490821.0,3,1,Insumos/APFF Playa Delfines/PlayaDelfines_GBIF.xlsx,,,,,,,possible_cross_source_duplicate,source_authority_resolved,source_traceable
SP-000123,APFFPD,Área de Protección de Flora y Fauna Playa Delfines,ceiba ceiba pentandra,Ceiba Ceiba pentandra,species,Plantae,Tracheophyta,Magnoliopsida,Malvales,Malvaceae,Ceiba,SNIB,SNIB/CONABIO valid taxonomy:ceiba ceiba pentandra,1,1,Insumos/APFF Playa Delfines/PlayaDelfines_SNIB.xlsx,,Preocupación menor (LC),,CONABIO 2012,,,,source_authority_resolved,source_traceable
SP-000124,APFFPD,Área de Protección de Flora y Fauna Playa Delfines,cenchrus spinifex,Cenchrus spinifex,species,Plantae,Tracheophyta,Liliopsida,Poales,Poaceae,,Naturalista,Naturalista/iNaturalist taxonomy:76207,1,1,Insumos/APFF Playa Delfines/PlayaDelfines_Naturalista.xlsx,,,,,,,,source_authority_resolved,source_traceable
SP-000125,APFFPD,Área de Protección de Flora y Fauna Playa Delfines,chaetura chaetura vauxi,Chaetura Chaetura vauxi,species,Animalia,Chordata,Aves,Apodiformes,Apodidae,Chaetura,SNIB,SNIB/CONABIO valid taxonomy:chaetura chaetura vauxi,4,4,Insumos/APFF Playa Delfines/PlayaDelfines_SNIB.xlsx,,Preocupación menor (LC),,,,,,source_authority_resolved,source_traceable
SP-000126,APFFPD,Área de Protección de Flora y Fauna Playa Delfines,chaetura vauxi,Chaetura vauxi,SPECIES,Animalia,Chordata,Aves,Apodiformes,Apodidae,Chaetura,GBIF,GBIF Backbone:5228612.0,4,4,Insumos/APFF Playa Delfines/PlayaDelfines_GBIF.xlsx,,,,,,,,source_authority_resolved,source_traceable
SP-000127,APFFPD,Área de Protección de Flora y Fauna Playa Delfines,champia champia parvula,Champia Champia parvula,species,Plantae,Rhodophyta,Florideophyceae,Rhodymeniales,Champiaceae,Champia,SNIB,SNIB/CONABIO valid taxonomy:champia champia parvula,1,1,Insumos/APFF Playa Delfines/PlayaDelfines_SNIB.xlsx,,,,,,,,source_authority_resolved,source_traceable
SP-000128,APFFPD,Área de Protección de Flora y Fauna Playa Delfines,charadrius charadrius semipalmatus,Charadrius Charadrius semipalmatus,species,Animalia,Chordata,Aves,Charadriiformes,Charadriidae,Charadrius,SNIB,SNIB/CONABIO valid taxonomy:charadrius charadrius semipalmatus,23,18,Insumos/APFF Playa Delfines/PlayaDelfines_SNIB.xlsx,,Preocupación menor (LC),,,,,possible_cross_source_duplicate,source_authority_resolved,source_traceable
SP-000129,APFFPD,Área de Protección de Flora y Fauna Playa Delfines,charadrius charadrius vociferus,Charadrius Charadrius vociferus,species,Animalia,Chordata,Aves,Charadriiformes,Charadriidae,Charadrius,SNIB,SNIB/CONABIO valid taxonomy:charadrius charadrius vociferus,20,17,Insumos/APFF Playa Delfines/PlayaDelfines_SNIB.xlsx,,Casi amenazado (NT),,,,,possible_cross_source_duplicate,source_authority_resolved,source_traceable
SP-000130,APFFPD,Área de Protección de Flora y Fauna Playa Delfines,charadrius semipalmatus,Charadrius semipalmatus,SPECIES,Animalia,Chordata,Aves,Charadriiformes,Charadriidae,Charadrius,GBIF,GBIF Backbone:2480295.0,12,10,Insumos/APFF Playa Delfines/PlayaDelfines_GBIF.xlsx,,,,,,,possible_cross_source_duplicate,source_authority_resolved,source_traceable
SP-000131,APFFPD,Área de Protección de Flora y Fauna Playa Delfines,charadrius vociferus,Charadrius vociferus,SPECIES,Animalia,Chordata,Aves,Charadriiformes,Charadriidae,Charadrius,GBIF,GBIF Backbone:2480320.0,11,9,Insumos/APFF Playa Delfines/PlayaDelfines_GBIF.xlsx,,,,,,,possible_cross_source_duplicate,source_authority_resolved,source_traceable
SP-000132,APFFPD,Área de Protección de Flora y Fauna Playa Delfines,chlidonias chlidonias niger,Chlidonias Chlidonias niger,species,Animalia,Chordata,Aves,Charadriiformes,Laridae,Chlidonias,SNIB,SNIB/CONABIO valid taxonomy:chlidonias chlidonias niger,1,1,Insumos/APFF Playa Delfines/PlayaDelfines_SNIB.xlsx,,Preocupación menor (LC),,,,,,source_authority_resolved,source_traceable
SP-000134,APFFPD,Área de Protección de Flora y Fauna Playa Delfines,chlorestes chlorestes candida,Chlorestes Chlorestes candida,species,Animalia,Chordata,Aves,Apodiformes,Trochilidae,Chlorestes,SNIB,SNIB/CONABIO valid taxonomy:chlorestes chlorestes candida,1,1,Insumos/APFF Playa Delfines/PlayaDelfines_SNIB.xlsx,,Preocupación menor (LC),Apéndice II (Publicado en CITES 2022 como Amazilia candida (ver relaciones de sinonimia).),,,,,source_authority_resolved,source_traceable
SP-000133,APFFPD,Área de Protección de Flora y Fauna Playa Delfines,chlorestes candida,Chlorestes candida,SPECIES,Animalia,Chordata,Aves,Apodiformes,Trochilidae,Chlorestes,GBIF,GBIF Backbone:11055764.0,1,1,Insumos/APFF Playa Delfines/PlayaDelfines_GBIF.xlsx,,,,,,,,source_authority_resolved,source_traceable
SP-000135,APFFPD,Área de Protección de Flora y Fauna Playa Delfines,chloroceryle chloroceryle americana,Chloroceryle Chloroceryle americana,species,Animalia,Chordata,Aves,Coraciiformes,Alcedinidae,Chloroceryle,SNIB,SNIB/CONABIO valid taxonomy:chloroceryle chloroceryle americana,3,2,Insumos/APFF Playa Delfines/PlayaDelfines_SNIB.xlsx,,Preocupación menor (LC),,,,,possible_cross_source_duplicate,source_authority_resolved,source_traceable
SP-000136,APFFPD,Área de Protección de Flora y Fauna Playa Delfines,chlosyne chlosyne lacinia,Chlosyne Chlosyne lacinia,species,Animalia,Arthropoda,Insecta,Lepidoptera,Nymphalidae,Chlosyne,SNIB,SNIB/CONABIO valid taxonomy:chlosyne chlosyne lacinia,1,1,Insumos/APFF Playa Delfines/PlayaDelfines_SNIB.xlsx,,,,,,,,source_authority_resolved,source_traceable
SP-000137,APFFPD,Área de Protección de Flora y Fauna Playa Delfines,chlosyne chlosyne lacinia lacinia subespecie,Chlosyne Chlosyne lacinia lacinia subespecie,species,Animalia,Arthropoda,Insecta,Lepidoptera,Nymphalidae,Chlosyne,SNIB,SNIB/CONABIO valid taxonomy:chlosyne chlosyne lacinia lacinia subespecie,1,1,Insumos/APFF Playa Delfines/PlayaDelfines_SNIB.xlsx,,,,,,,,source_authority_resolved,source_traceable
SP-000138,APFFPD,Área de Protección de Flora y Fauna Playa Delfines,chlosyne lacinia,Chlosyne lacinia,species,Animalia,Arthropoda,Insecta,Lepidoptera,Nymphalidae,,Naturalista,Naturalista/iNaturalist taxonomy:312549,1,1,Insumos/APFF Playa Delfines/PlayaDelfines_Naturalista.xlsx,,,,,,,,source_authority_resolved,source_traceable
SP-000139,APFFPD,Área de Protección de Flora y Fauna Playa Delfines,chondria chondria littoralis,Chondria Chondria littoralis,species,Plantae,Rhodophyta,Florideophyceae,Ceramiales,Rhodomelaceae,Chondria,SNIB,SNIB/CONABIO valid taxonomy:chondria chondria littoralis,1,1,Insumos/APFF Playa Delfines/PlayaDelfines_SNIB.xlsx,,,,,,,,source_authority_resolved,source_traceable
SP-000140,APFFPD,Área de Protección de Flora y Fauna Playa Delfines,chondria chondria polyrhiza,Chondria Chondria polyrhiza,species,Plantae,Rhodophyta,Florideophyceae,Ceramiales,Rhodomelaceae,Chondria,SNIB,SNIB/CONABIO valid taxonomy:chondria chondria polyrhiza,1,1,Insumos/APFF Playa Delfines/PlayaDelfines_SNIB.xlsx,,,,,,,,source_authority_resolved,source_traceable
SP-000141,APFFPD,Área de Protección de Flora y Fauna Playa Delfines,chordeiles,Chordeiles,,Animalia,Chordata,Aves,Caprimulgiformes,Caprimulgidae,Chordeiles,SNIB,SNIB/CONABIO valid taxonomy:chordeiles,1,1,Insumos/APFF Playa Delfines/PlayaDelfines_SNIB.xlsx,,,,,,,,source_authority_resolved,source_traceable
SP-000143,APFFPD,Área de Protección de Flora y Fauna Playa Delfines,chordeiles chordeiles acutipennis,Chordeiles Chordeiles acutipennis,species,Animalia,Chordata,Aves,Caprimulgiformes,Caprimulgidae,Chordeiles,SNIB,SNIB/CONABIO valid taxonomy:chordeiles chordeiles acutipennis,13,12,Insumos/APFF Playa Delfines/PlayaDelfines_SNIB.xlsx,,Preocupación menor (LC),,,,,possible_cross_source_duplicate,source_authority_resolved,source_traceable
SP-000144,APFFPD,Área de Protección de Flora y Fauna Playa Delfines,chordeiles chordeiles minor,Chordeiles Chordeiles minor,species,Animalia,Chordata,Aves,Caprimulgiformes,Caprimulgidae,Chordeiles,SNIB,SNIB/CONABIO valid taxonomy:chordeiles chordeiles minor,3,3,Insumos/APFF Playa Delfines/PlayaDelfines_SNIB.xlsx,,Preocupación menor (LC),,,,,,source_authority_resolved,source_traceable
SP-000142,APFFPD,Área de Protección de Flora y Fauna Playa Delfines,chordeiles acutipennis,Chordeiles acutipennis,SPECIES,Animalia,Chordata,Aves,Caprimulgiformes,Caprimulgidae,Chordeiles,GBIF,GBIF Backbone:2497052.0,7,6,Insumos/APFF Playa Delfines/PlayaDelfines_GBIF.xlsx,,,,,,,possible_cross_source_duplicate,source_authority_resolved,source_traceable
SP-000145,APFFPD,Área de Protección de Flora y Fauna Playa Delfines,cladophora cladophora vagabunda,Cladophora Cladophora vagabunda,species,Plantae,Chlorophyta,Ulvophyceae,Cladophorales,Cladophoraceae,Cladophora,SNIB,SNIB/CONABIO valid taxonomy:cladophora cladophora vagabunda,4,1,Insumos/APFF Playa Delfines/PlayaDelfines_SNIB.xlsx,,,,,,,possible_cross_source_duplicate,source_authority_resolved,source_traceable
SP-000146,APFFPD,Área de Protección de Flora y Fauna Playa Delfines,cnidoscolus urens,Cnidoscolus urens,species,Plantae,Tracheophyta,Magnoliopsida,Malpighiales,Euphorbiaceae,,Naturalista,Naturalista/iNaturalist taxonomy:81817,2,2,Insumos/APFF Playa Delfines/PlayaDelfines_Naturalista.xlsx,,,,,,,,source_authority_resolved,source_traceable
SP-000147,APFFPD,Área de Protección de Flora y Fauna Playa Delfines,coccoloba,Coccoloba,,Plantae,Tracheophyta,Magnoliopsida,Caryophyllales,Polygonaceae,,Naturalista,Naturalista/iNaturalist taxonomy:127285,1,1,Insumos/APFF Playa Delfines/PlayaDelfines_Naturalista.xlsx,,,,,,,,source_authority_resolved,source_traceable
SP-000148,APFFPD,Área de Protección de Flora y Fauna Playa Delfines,coccoloba coccoloba uvifera,Coccoloba Coccoloba uvifera,species,Plantae,Tracheophyta,Magnoliopsida,Caryophyllales,Polygonaceae,Coccoloba,SNIB,SNIB/CONABIO valid taxonomy:coccoloba coccoloba uvifera,24,24,Insumos/APFF Playa Delfines/PlayaDelfines_SNIB.xlsx,,Preocupación menor (LC),,,,,,source_authority_resolved,source_traceable
SP-000149,APFFPD,Área de Protección de Flora y Fauna Playa Delfines,coccoloba uvifera,Coccoloba uvifera,SPECIES,Plantae,Tracheophyta,Magnoliopsida,Caryophyllales,Polygonaceae,Coccoloba,GBIF; Naturalista,GBIF Backbone:2888831.0; Naturalista/iNaturalist taxonomy:127284,26,26,Insumos/APFF Playa Delfines/PlayaDelfines_GBIF.xlsx; Insumos/APFF Playa Delfines/PlayaDelfines_Naturalista.xlsx,,,,,,,,source_authority_resolved,source_traceable
SP-000151,APFFPD,Área de Protección de Flora y Fauna Playa Delfines,coccyzus coccyzus americanus,Coccyzus Coccyzus americanus,species,Animalia,Chordata,Aves,Cuculiformes,Cuculidae,Coccyzus,SNIB,SNIB/CONABIO valid taxonomy:coccyzus coccyzus americanus,2,2,Insumos/APFF Playa Delfines/PlayaDelfines_SNIB.xlsx,,Preocupación menor (LC),,,,,,source_authority_resolved,source_traceable
SP-000152,APFFPD,Área de Protección de Flora y Fauna Playa Delfines,coccyzus coccyzus minor,Coccyzus Coccyzus minor,species,Animalia,Chordata,Aves,Cuculiformes,Cuculidae,Coccyzus,SNIB,SNIB/CONABIO valid taxonomy:coccyzus coccyzus minor,4,3,Insumos/APFF Playa Delfines/PlayaDelfines_SNIB.xlsx,,Preocupación menor (LC),,,,,possible_cross_source_duplicate,source_authority_resolved,source_traceable
SP-000150,APFFPD,Área de Protección de Flora y Fauna Playa Delfines,coccyzus americanus,Coccyzus americanus,SPECIES,Animalia,Chordata,Aves,Cuculiformes,Cuculidae,Coccyzus,GBIF,GBIF Backbone:2496287.0,2,2,Insumos/APFF Playa Delfines/PlayaDelfines_GBIF.xlsx,,,,,,,,source_authority_resolved,source_traceable
SP-000153,APFFPD,Área de Protección de Flora y Fauna Playa Delfines,coccyzus minor,Coccyzus minor,SPECIES,Animalia,Chordata,Aves,Cuculiformes,Cuculidae,Coccyzus,GBIF,GBIF Backbone:2496294.0,3,2,Insumos/APFF Playa Delfines/PlayaDelfines_GBIF.xlsx,,,,,,,possible_cross_source_duplicate,source_authority_resolved,source_traceable
SP-000154,APFFPD,Área de Protección de Flora y Fauna Playa Delfines,cochlearius cochlearius cochlearius,Cochlearius Cochlearius cochlearius,species,Animalia,Chordata,Aves,Pelecaniformes,Ardeidae,Cochlearius,SNIB,SNIB/CONABIO valid taxonomy:cochlearius cochlearius cochlearius,1,1,Insumos/APFF Playa Delfines/PlayaDelfines_SNIB.xlsx,,Preocupación menor (LC),,,,,,source_authority_resolved,source_traceable
SP-000155,APFFPD,Área de Protección de Flora y Fauna Playa Delfines,cocos cocos nucifera,Cocos Cocos nucifera,species,Plantae,Tracheophyta,Magnoliopsida,Arecales,Arecaceae,Cocos,SNIB,SNIB/CONABIO valid taxonomy:cocos cocos nucifera,6,6,Insumos/APFF Playa Delfines/PlayaDelfines_SNIB.xlsx,,,,,,Exótica,,source_authority_resolved,source_traceable
SP-000156,APFFPD,Área de Protección de Flora y Fauna Playa Delfines,cocos nucifera,Cocos nucifera,SPECIES,Plantae,Tracheophyta,Liliopsida,Arecales,Arecaceae,Cocos,GBIF; Naturalista,GBIF Backbone:2735117.0; Naturalista/iNaturalist taxonomy:48865,4,4,Insumos/APFF Playa Delfines/PlayaDelfines_GBIF.xlsx; Insumos/APFF Playa Delfines/PlayaDelfines_Naturalista.xlsx,,,,,,,,source_authority_resolved,source_traceable
SP-000157,APFFPD,Área de Protección de Flora y Fauna Playa Delfines,codium codium isthmocladum,Codium Codium isthmocladum,species,Plantae,Chlorophyta,Ulvophyceae,Bryopsidales,Codiaceae,Codium,SNIB,SNIB/CONABIO valid taxonomy:codium codium isthmocladum,1,1,Insumos/APFF Playa Delfines/PlayaDelfines_SNIB.xlsx,,,,,,,,source_authority_resolved,source_traceable
SP-000158,APFFPD,Área de Protección de Flora y Fauna Playa Delfines,coereba coereba flaveola,Coereba Coereba flaveola,species,Animalia,Chordata,Aves,Passeriformes,Thraupidae,Coereba,SNIB,SNIB/CONABIO valid taxonomy:coereba coereba flaveola,6,5,Insumos/APFF Playa Delfines/PlayaDelfines_SNIB.xlsx,,Preocupación menor (LC),,,,,possible_cross_source_duplicate,source_authority_resolved,source_traceable
SP-000159,APFFPD,Área de Protección de Flora y Fauna Playa Delfines,coereba flaveola,Coereba flaveola,SPECIES,Animalia,Chordata,Aves,Passeriformes,Thraupidae,Coereba,GBIF,GBIF Backbone:2493744.0,1,1,Insumos/APFF Playa Delfines/PlayaDelfines_GBIF.xlsx,,,,,,,,source_authority_resolved,source_traceable
SP-000160,APFFPD,Área de Protección de Flora y Fauna Playa Delfines,colinus colinus nigrogularis,Colinus Colinus nigrogularis,species,Animalia,Chordata,Aves,Galliformes,Odontophoridae,Colinus,SNIB,SNIB/CONABIO valid taxonomy:colinus colinus nigrogularis,1,1,Insumos/APFF Playa Delfines/PlayaDelfines_SNIB.xlsx,,Preocupación menor (LC),,,Cuasiendémica,,,source_authority_resolved,source_traceable
SP-000161,APFFPD,Área de Protección de Flora y Fauna Playa Delfines,colinus nigrogularis,Colinus nigrogularis,SPECIES,Animalia,Chordata,Aves,Galliformes,Odontophoridae,Colinus,GBIF,GBIF Backbone:5228086.0,2,1,Insumos/APFF Playa Delfines/PlayaDelfines_GBIF.xlsx,,,,,,,possible_cross_source_duplicate,source_authority_resolved,source_traceable
SP-000162,APFFPD,Área de Protección de Flora y Fauna Playa Delfines,columba columba livia,Columba Columba livia,species,Animalia,Chordata,Aves,Columbiformes,Columbidae,Columba,SNIB,SNIB/CONABIO valid taxonomy:columba columba livia,39,26,Insumos/APFF Playa Delfines/PlayaDelfines_SNIB.xlsx,,Preocupación menor (LC),,,,Exótica-Invasora,possible_cross_source_duplicate,source_authority_resolved,source_traceable
SP-000163,APFFPD,Área de Protección de Flora y Fauna Playa Delfines,columba columba livia domestica variedad,Columba Columba livia domestica variedad,,,,,,Columbidae,Columba,SNIB,SNIB/CONABIO valid taxonomy:columba columba livia domestica variedad,1,1,Insumos/APFF Playa Delfines/PlayaDelfines_SNIB.xlsx,,,,,,,,source_authority_resolved,source_traceable
SP-000164,APFFPD,Área de Protección de Flora y Fauna Playa Delfines,columba livia,Columba livia,SPECIES,Animalia,Chordata,Aves,Columbiformes,Columbidae,Columba,GBIF,GBIF Backbone:2495414.0,10,8,Insumos/APFF Playa Delfines/PlayaDelfines_GBIF.xlsx,,,,,,,possible_cross_source_duplicate,source_authority_resolved,source_traceable
SP-000165,APFFPD,Área de Protección de Flora y Fauna Playa Delfines,columbina columbina passerina,Columbina Columbina passerina,species,Animalia,Chordata,Aves,Columbiformes,Columbidae,Columbina,SNIB,SNIB/CONABIO valid taxonomy:columbina columbina passerina,25,20,Insumos/APFF Playa Delfines/PlayaDelfines_SNIB.xlsx,,Preocupación menor (LC),,,,,possible_cross_source_duplicate,source_authority_resolved,source_traceable
SP-000166,APFFPD,Área de Protección de Flora y Fauna Playa Delfines,columbina columbina talpacoti,Columbina Columbina talpacoti,species,Animalia,Chordata,Aves,Columbiformes,Columbidae,Columbina,SNIB,SNIB/CONABIO valid taxonomy:columbina columbina talpacoti,47,31,Insumos/APFF Playa Delfines/PlayaDelfines_SNIB.xlsx,,Preocupación menor (LC),,,,,possible_cross_source_duplicate,source_authority_resolved,source_traceable
SP-000167,APFFPD,Área de Protección de Flora y Fauna Playa Delfines,columbina passerina,Columbina passerina,SPECIES,Animalia,Chordata,Aves,Columbiformes,Columbidae,Columbina,GBIF,GBIF Backbone:2495869.0,17,13,Insumos/APFF Playa Delfines/PlayaDelfines_GBIF.xlsx,,,,,,,possible_cross_source_duplicate,source_authority_resolved,source_traceable
SP-000168,APFFPD,Área de Protección de Flora y Fauna Playa Delfines,columbina talpacoti,Columbina talpacoti,SPECIES,Animalia,Chordata,Aves,Columbiformes,Columbidae,Columbina,GBIF,GBIF Backbone:2495858.0,21,16,Insumos/APFF Playa Delfines/PlayaDelfines_GBIF.xlsx,,,,,,,possible_cross_source_duplicate,source_authority_resolved,source_traceable
SP-000169,APFFPD,Área de Protección de Flora y Fauna Playa Delfines,composia composia fidelissima,Composia Composia fidelissima,species,Animalia,Arthropoda,Insecta,Lepidoptera,Erebidae,Composia,SNIB,SNIB/CONABIO valid taxonomy:composia composia fidelissima,3,3,Insumos/APFF Playa Delfines/PlayaDelfines_SNIB.xlsx,,,,,,,,source_authority_resolved,source_traceable
SP-000170,APFFPD,Área de Protección de Flora y Fauna Playa Delfines,composia fidelissima,Composia fidelissima,species,Animalia,Arthropoda,Insecta,Lepidoptera,Erebidae,,Naturalista,Naturalista/iNaturalist taxonomy:257122,7,7,Insumos/APFF Playa Delfines/PlayaDelfines_Naturalista.xlsx,,,,,,,,source_authority_resolved,source_traceable
SP-000171,APFFPD,Área de Protección de Flora y Fauna Playa Delfines,condylostylus,Condylostylus,,Animalia,Arthropoda,Insecta,Diptera,Dolichopodidae,,Naturalista,Naturalista/iNaturalist taxonomy:122222,1,1,Insumos/APFF Playa Delfines/PlayaDelfines_Naturalista.xlsx,,,,,,,,source_authority_resolved,source_traceable
SP-000173,APFFPD,Área de Protección de Flora y Fauna Playa Delfines,contopus contopus cinereus,Contopus Contopus cinereus,species,Animalia,Chordata,Aves,Passeriformes,Tyrannidae,Contopus,SNIB,SNIB/CONABIO valid taxonomy:contopus contopus cinereus,7,6,Insumos/APFF Playa Delfines/PlayaDelfines_SNIB.xlsx,,Preocupación menor (LC) (En IUCN Red List 2025-1 como Contopus bogotensis),,,,,possible_cross_source_duplicate,source_authority_resolved,source_traceable
SP-000174,APFFPD,Área de Protección de Flora y Fauna Playa Delfines,contopus contopus virens,Contopus Contopus virens,species,Animalia,Chordata,Aves,Passeriformes,Tyrannidae,Contopus,SNIB,SNIB/CONABIO valid taxonomy:contopus contopus virens,3,3,Insumos/APFF Playa Delfines/PlayaDelfines_SNIB.xlsx,,Preocupación menor (LC),,,,,,source_authority_resolved,source_traceable
SP-000172,APFFPD,Área de Protección de Flora y Fauna Playa Delfines,contopus cinereus,Contopus cinereus,SPECIES,Animalia,Chordata,Aves,Passeriformes,Tyrannidae,Contopus,GBIF,GBIF Backbone:5229745.0,9,6,Insumos/APFF Playa Delfines/PlayaDelfines_GBIF.xlsx,,,,,,,possible_cross_source_duplicate,source_authority_resolved,source_traceable
SP-000175,APFFPD,Área de Protección de Flora y Fauna Playa Delfines,contopus virens,Contopus virens,SPECIES,Animalia,Chordata,Aves,Passeriformes,Tyrannidae,Contopus,GBIF,GBIF Backbone:5229734.0,1,1,Insumos/APFF Playa Delfines/PlayaDelfines_GBIF.xlsx,,,,,,,,source_authority_resolved,source_traceable
SP-000177,APFFPD,Área de Protección de Flora y Fauna Playa Delfines,coragyps coragyps atratus,Coragyps Coragyps atratus,species,Animalia,Chordata,Aves,Cathartiformes,Cathartidae,Coragyps,SNIB,SNIB/CONABIO valid taxonomy:coragyps coragyps atratus,22,18,Insumos/APFF Playa Delfines/PlayaDelfines_SNIB.xlsx,,Preocupación menor (LC),,,,,possible_cross_source_duplicate,source_authority_resolved,source_traceable
SP-000176,APFFPD,Área de Protección de Flora y Fauna Playa Delfines,coragyps atratus,Coragyps atratus,SPECIES,Animalia,Chordata,Aves,Accipitriformes,Cathartidae,Coragyps,GBIF,GBIF Backbone:2481942.0,9,7,Insumos/APFF Playa Delfines/PlayaDelfines_GBIF.xlsx,,,,,,,possible_cross_source_duplicate,source_authority_resolved,source_traceable
SP-000178,APFFPD,Área de Protección de Flora y Fauna Playa Delfines,cordia cordia sebestena,Cordia Cordia sebestena,species,Plantae,Tracheophyta,Magnoliopsida,Boraginales,Cordiaceae,Cordia,SNIB,SNIB/CONABIO valid taxonomy:cordia cordia sebestena,16,15,Insumos/APFF Playa Delfines/PlayaDelfines_SNIB.xlsx,,Preocupación menor (LC),,,,,possible_cross_source_duplicate,source_authority_resolved,source_traceable
SP-000179,APFFPD,Área de Protección de Flora y Fauna Playa Delfines,cordia dodecandra,Cordia dodecandra,species,Plantae,Tracheophyta,Magnoliopsida,Boraginales,Boraginaceae,,Naturalista,Naturalista/iNaturalist taxonomy:209898,1,1,Insumos/APFF Playa Delfines/PlayaDelfines_Naturalista.xlsx,,,,,,,,source_authority_resolved,source_traceable
SP-000180,APFFPD,Área de Protección de Flora y Fauna Playa Delfines,cordia sebestena,Cordia sebestena,SPECIES,Plantae,Tracheophyta,Magnoliopsida,Boraginales,Cordiaceae,Cordia,GBIF; Naturalista,GBIF Backbone:5341289.0; Naturalista/iNaturalist taxonomy:160878,15,14,Insumos/APFF Playa Delfines/PlayaDelfines_GBIF.xlsx; Insumos/APFF Playa Delfines/PlayaDelfines_Naturalista.xlsx,,,,,,,possible_cross_source_duplicate,source_authority_resolved,source_traceable
SP-000181,APFFPD,Área de Protección de Flora y Fauna Playa Delfines,coryphoideae,Coryphoideae,,Plantae,Tracheophyta,Liliopsida,Arecales,Arecaceae,,Naturalista,Naturalista/iNaturalist taxonomy:475433,1,1,Insumos/APFF Playa Delfines/PlayaDelfines_Naturalista.xlsx,,,,,,,,source_authority_resolved,source_traceable
SP-000182,APFFPD,Área de Protección de Flora y Fauna Playa Delfines,crocodylus crocodylus acutus,Crocodylus Crocodylus acutus,species,Animalia,Chordata,Reptilia,Crocodylia,Crocodylidae,Crocodylus,SNIB,SNIB/CONABIO valid taxonomy:crocodylus crocodylus acutus,2,2,Insumos/APFF Playa Delfines/PlayaDelfines_SNIB.xlsx,Sujeta a protección especial (Pr),Vulnerable (VU),Apéndice II,DOF 2014,,,,source_authority_resolved,source_traceable
SP-000183,APFFPD,Área de Protección de Flora y Fauna Playa Delfines,crotophaga crotophaga ani,Crotophaga Crotophaga ani,species,Animalia,Chordata,Aves,Cuculiformes,Cuculidae,Crotophaga,SNIB,SNIB/CONABIO valid taxonomy:crotophaga crotophaga ani,1,1,Insumos/APFF Playa Delfines/PlayaDelfines_SNIB.xlsx,,Preocupación menor (LC),,,,,,source_authority_resolved,source_traceable
SP-000184,APFFPD,Área de Protección de Flora y Fauna Playa Delfines,crotophaga crotophaga sulcirostris,Crotophaga Crotophaga sulcirostris,species,Animalia,Chordata,Aves,Cuculiformes,Cuculidae,Crotophaga,SNIB,SNIB/CONABIO valid taxonomy:crotophaga crotophaga sulcirostris,23,11,Insumos/APFF Playa Delfines/PlayaDelfines_SNIB.xlsx,,Preocupación menor (LC),,,,,possible_cross_source_duplicate,source_authority_resolved,source_traceable
SP-000185,APFFPD,Área de Protección de Flora y Fauna Playa Delfines,crotophaga sulcirostris,Crotophaga sulcirostris,SPECIES,Animalia,Chordata,Aves,Cuculiformes,Cuculidae,Crotophaga,GBIF,GBIF Backbone:2496211.0,8,5,Insumos/APFF Playa Delfines/PlayaDelfines_GBIF.xlsx,,,,,,,possible_cross_source_duplicate,source_authority_resolved,source_traceable
SP-000186,APFFPD,Área de Protección de Flora y Fauna Playa Delfines,ctenodactylomyia watsoni,Ctenodactylomyia watsoni,species,Animalia,Arthropoda,Insecta,Diptera,Cecidomyiidae,,Naturalista,Naturalista/iNaturalist taxonomy:294346,1,1,Insumos/APFF Playa Delfines/PlayaDelfines_Naturalista.xlsx,,,,,,,,source_authority_resolved,source_traceable
SP-000187,APFFPD,Área de Protección de Flora y Fauna Playa Delfines,ctenosaura ctenosaura similis,Ctenosaura Ctenosaura similis,species,Animalia,Chordata,Reptilia,Squamata,Iguanidae,Ctenosaura,SNIB,SNIB/CONABIO valid taxonomy:ctenosaura ctenosaura similis,172,156,Insumos/APFF Playa Delfines/PlayaDelfines_SNIB.xlsx,Amenazada (A),Preocupación menor (LC),Apéndice II,DOF 2014,,,possible_cross_source_duplicate; coordinate_uncertainty_gt_10km,source_authority_resolved,source_traceable
SP-000188,APFFPD,Área de Protección de Flora y Fauna Playa Delfines,ctenosaura ctenosaura similis similis subespecie,Ctenosaura Ctenosaura similis similis subespecie,species,Animalia,Chordata,Reptilia,Squamata,Iguanidae,Ctenosaura,SNIB,SNIB/CONABIO valid taxonomy:ctenosaura ctenosaura similis similis subespecie,1,1,Insumos/APFF Playa Delfines/PlayaDelfines_SNIB.xlsx,Amenazada (A),Preocupación menor (LC),Apéndice II,DOF 2014,,,,source_authority_resolved,source_traceable
SP-000189,APFFPD,Área de Protección de Flora y Fauna Playa Delfines,ctenosaura similis,Ctenosaura similis,SPECIES,Animalia,Chordata,Squamata,Squamata,Iguanidae,Ctenosaura,GBIF; Naturalista,GBIF Backbone:2459603.0; Naturalista/iNaturalist taxonomy:35303,79,77,Insumos/APFF Playa Delfines/PlayaDelfines_GBIF.xlsx; Insumos/APFF Playa Delfines/PlayaDelfines_Naturalista.xlsx,,,,,,,coordinate_uncertainty_gt_10km; possible_cross_source_duplicate,source_authority_resolved,source_traceable
SP-000190,APFFPD,Área de Protección de Flora y Fauna Playa Delfines,cyanocompsa cyanocompsa parellina,Cyanocompsa Cyanocompsa parellina,species,Animalia,Chordata,Aves,Passeriformes,Cardinalidae,Cyanocompsa,SNIB,SNIB/CONABIO valid taxonomy:cyanocompsa cyanocompsa parellina,2,2,Insumos/APFF Playa Delfines/PlayaDelfines_SNIB.xlsx,,Preocupación menor (LC),,,,,,source_authority_resolved,source_traceable
SP-000191,APFFPD,Área de Protección de Flora y Fauna Playa Delfines,cyanocompsa parellina,Cyanocompsa parellina,SPECIES,Animalia,Chordata,Aves,Passeriformes,Cardinalidae,Cyanocompsa,GBIF,GBIF Backbone:2490365.0,2,2,Insumos/APFF Playa Delfines/PlayaDelfines_GBIF.xlsx,,,,,,,,source_authority_resolved,source_traceable
SP-000192,APFFPD,Área de Protección de Flora y Fauna Playa Delfines,cyanocorax cyanocorax morio,Cyanocorax Cyanocorax morio,species,Animalia,Chordata,Aves,Passeriformes,Corvidae,Cyanocorax,SNIB,SNIB/CONABIO valid taxonomy:cyanocorax cyanocorax morio,3,3,Insumos/APFF Playa Delfines/PlayaDelfines_SNIB.xlsx,,Preocupación menor (LC),,,,,,source_authority_resolved,source_traceable
SP-000193,APFFPD,Área de Protección de Flora y Fauna Playa Delfines,cyanocorax cyanocorax yncas,Cyanocorax Cyanocorax yncas,species,Animalia,Chordata,Aves,Passeriformes,Corvidae,Cyanocorax,SNIB,SNIB/CONABIO valid taxonomy:cyanocorax cyanocorax yncas,1,1,Insumos/APFF Playa Delfines/PlayaDelfines_SNIB.xlsx,,Preocupación menor (LC),,,,,,source_authority_resolved,source_traceable
SP-000194,APFFPD,Área de Protección de Flora y Fauna Playa Delfines,cyanocorax cyanocorax yucatanicus,Cyanocorax Cyanocorax yucatanicus,species,Animalia,Chordata,Aves,Passeriformes,Corvidae,Cyanocorax,SNIB,SNIB/CONABIO valid taxonomy:cyanocorax cyanocorax yucatanicus,4,4,Insumos/APFF Playa Delfines/PlayaDelfines_SNIB.xlsx,,Preocupación menor (LC),,,Cuasiendémica,,,source_authority_resolved,source_traceable
SP-000195,APFFPD,Área de Protección de Flora y Fauna Playa Delfines,cyanocorax yucatanicus,Cyanocorax yucatanicus,SPECIES,Animalia,Chordata,Aves,Passeriformes,Corvidae,Cyanocorax,GBIF,GBIF Backbone:2482574.0,4,3,Insumos/APFF Playa Delfines/PlayaDelfines_GBIF.xlsx,,,,,,,possible_cross_source_duplicate,source_authority_resolved,source_traceable
SP-000196,APFFPD,Área de Protección de Flora y Fauna Playa Delfines,cyclarhis cyclarhis gujanensis,Cyclarhis Cyclarhis gujanensis,species,Animalia,Chordata,Aves,Passeriformes,Vireonidae,Cyclarhis,SNIB,SNIB/CONABIO valid taxonomy:cyclarhis cyclarhis gujanensis,2,2,Insumos/APFF Playa Delfines/PlayaDelfines_SNIB.xlsx,,Preocupación menor (LC),,,,,,source_authority_resolved,source_traceable
SP-000197,APFFPD,Área de Protección de Flora y Fauna Playa Delfines,cyclarhis gujanensis,Cyclarhis gujanensis,SPECIES,Animalia,Chordata,Aves,Passeriformes,Vireonidae,Cyclarhis,GBIF,GBIF Backbone:2487404.0,1,1,Insumos/APFF Playa Delfines/PlayaDelfines_GBIF.xlsx,,,,,,,,source_authority_resolved,source_traceable
SP-000198,APFFPD,Área de Protección de Flora y Fauna Playa Delfines,cycloneda cycloneda sanguinea,Cycloneda Cycloneda sanguinea,species,Animalia,Arthropoda,Insecta,Coleoptera,Coccinellidae,Cycloneda,SNIB,SNIB/CONABIO valid taxonomy:cycloneda cycloneda sanguinea,1,1,Insumos/APFF Playa Delfines/PlayaDelfines_SNIB.xlsx,,,,,,,,source_authority_resolved,source_traceable
SP-000199,APFFPD,Área de Protección de Flora y Fauna Playa Delfines,cycloneda sanguinea,Cycloneda sanguinea,species,Animalia,Arthropoda,Insecta,Coleoptera,Coccinellidae,,Naturalista,Naturalista/iNaturalist taxonomy:124431,1,1,Insumos/APFF Playa Delfines/PlayaDelfines_Naturalista.xlsx,,,,,,,,source_authority_resolved,source_traceable
SP-000201,APFFPD,Área de Protección de Flora y Fauna Playa Delfines,cynanthus cynanthus canivetii,Cynanthus Cynanthus canivetii,species,Animalia,Chordata,Aves,Apodiformes,Trochilidae,Cynanthus,SNIB,SNIB/CONABIO valid taxonomy:cynanthus cynanthus canivetii,1,1,Insumos/APFF Playa Delfines/PlayaDelfines_SNIB.xlsx,,Preocupación menor (LC),Apéndice II (Publicado en CITES 2022 como Chlorostilbon canivetii (ver relaciones de sinonimia).),,,,,source_authority_resolved,source_traceable
SP-000200,APFFPD,Área de Protección de Flora y Fauna Playa Delfines,cynanthus canivetii,Cynanthus canivetii,SPECIES,Animalia,Chordata,Aves,Apodiformes,Trochilidae,Cynanthus,GBIF,GBIF Backbone:10917113.0,1,1,Insumos/APFF Playa Delfines/PlayaDelfines_GBIF.xlsx,,,,,,,,source_authority_resolved,source_traceable
SP-000202,APFFPD,Área de Protección de Flora y Fauna Playa Delfines,dasyprocta dasyprocta punctata,Dasyprocta Dasyprocta punctata,species,Animalia,Chordata,Mammalia,Rodentia,Dasyproctidae,Dasyprocta,SNIB,SNIB/CONABIO valid taxonomy:dasyprocta dasyprocta punctata,1,1,Insumos/APFF Playa Delfines/PlayaDelfines_SNIB.xlsx,,Preocupación menor (LC),Apéndice III (Honduras listó a la especie Dasyprocta punctata.),,,,,source_authority_resolved,source_traceable
SP-000203,APFFPD,Área de Protección de Flora y Fauna Playa Delfines,dasyprocta punctata,Dasyprocta punctata,SPECIES,Animalia,Chordata,Mammalia,Rodentia,Dasyproctidae,Dasyprocta,GBIF; Naturalista,GBIF Backbone:2437576.0; Naturalista/iNaturalist taxonomy:43712,2,2,Insumos/APFF Playa Delfines/PlayaDelfines_GBIF.xlsx; Insumos/APFF Playa Delfines/PlayaDelfines_Naturalista.xlsx,,,,,,,,source_authority_resolved,source_traceable
SP-000204,APFFPD,Área de Protección de Flora y Fauna Playa Delfines,dendrobias dendrobias mandibularis,Dendrobias Dendrobias mandibularis,species,Animalia,Arthropoda,Insecta,Coleoptera,Cerambycidae,Dendrobias,SNIB,SNIB/CONABIO valid taxonomy:dendrobias dendrobias mandibularis,1,1,Insumos/APFF Playa Delfines/PlayaDelfines_SNIB.xlsx,,,,,,,,source_authority_resolved,source_traceable
SP-000205,APFFPD,Área de Protección de Flora y Fauna Playa Delfines,dendrocygna dendrocygna autumnalis,Dendrocygna Dendrocygna autumnalis,species,Animalia,Chordata,Aves,Anseriformes,Anatidae,Dendrocygna,SNIB,SNIB/CONABIO valid taxonomy:dendrocygna dendrocygna autumnalis,1,1,Insumos/APFF Playa Delfines/PlayaDelfines_SNIB.xlsx,,Preocupación menor (LC),Apéndice III (Honduras listó a la especie Dendrocygna autumnalis.),DOF 2014,,,,source_authority_resolved,source_traceable
SP-000206,APFFPD,Área de Protección de Flora y Fauna Playa Delfines,desmodium desmodium incanum,Desmodium Desmodium incanum,species,Plantae,Tracheophyta,Magnoliopsida,Fabales,Fabaceae,Desmodium,SNIB,SNIB/CONABIO valid taxonomy:desmodium desmodium incanum,1,1,Insumos/APFF Playa Delfines/PlayaDelfines_SNIB.xlsx,,,,,,,,source_authority_resolved,source_traceable
SP-000207,APFFPD,Área de Protección de Flora y Fauna Playa Delfines,dictyosphaeria dictyosphaeria cavernosa,Dictyosphaeria Dictyosphaeria cavernosa,species,Plantae,Chlorophyta,Ulvophyceae,Cladophorales,Pithophoraceae,Dictyosphaeria,SNIB,SNIB/CONABIO valid taxonomy:dictyosphaeria dictyosphaeria cavernosa,1,1,Insumos/APFF Playa Delfines/PlayaDelfines_SNIB.xlsx,,,,,,,,source_authority_resolved,source_traceable
SP-000208,APFFPD,Área de Protección de Flora y Fauna Playa Delfines,didelphis,Didelphis,,Animalia,Chordata,Mammalia,Didelphimorphia,Didelphidae,Didelphis,Naturalista; SNIB,Naturalista/iNaturalist taxonomy:42646; SNIB/CONABIO valid taxonomy:didelphis,3,3,Insumos/APFF Playa Delfines/PlayaDelfines_Naturalista.xlsx; Insumos/APFF Playa Delfines/PlayaDelfines_SNIB.xlsx,,,,,,,,source_authority_resolved,source_traceable
SP-000209,APFFPD,Área de Protección de Flora y Fauna Playa Delfines,didelphis didelphis virginiana,Didelphis Didelphis virginiana,species,Animalia,Chordata,Mammalia,Didelphimorphia,Didelphidae,Didelphis,SNIB,SNIB/CONABIO valid taxonomy:didelphis didelphis virginiana,1,1,Insumos/APFF Playa Delfines/PlayaDelfines_SNIB.xlsx,,Preocupación menor (LC),,,,,,source_authority_resolved,source_traceable
SP-000210,APFFPD,Área de Protección de Flora y Fauna Playa Delfines,digenea digenea simplex,Digenea Digenea simplex,species,Plantae,Rhodophyta,Florideophyceae,Ceramiales,Rhodomelaceae,Digenea,SNIB,SNIB/CONABIO valid taxonomy:digenea digenea simplex,2,1,Insumos/APFF Playa Delfines/PlayaDelfines_SNIB.xlsx,,,,,,,possible_cross_source_duplicate,source_authority_resolved,source_traceable
SP-000211,APFFPD,Área de Protección de Flora y Fauna Playa Delfines,dione dione vanillae,Dione Dione vanillae,species,Animalia,Arthropoda,Insecta,Lepidoptera,Nymphalidae,Dione,SNIB,SNIB/CONABIO valid taxonomy:dione dione vanillae,2,2,Insumos/APFF Playa Delfines/PlayaDelfines_SNIB.xlsx,,Preocupación menor (LC) (En IUCN Red List 2025-1 como Agraulis vanillae (ver relaciones de sinonimia).),,,,,,source_authority_resolved,source_traceable
SP-000212,APFFPD,Área de Protección de Flora y Fauna Playa Delfines,dione dione vanillae incarnata subespecie,Dione Dione vanillae incarnata subespecie,species,Animalia,Arthropoda,Insecta,Lepidoptera,Nymphalidae,Dione,SNIB,SNIB/CONABIO valid taxonomy:dione dione vanillae incarnata subespecie,1,1,Insumos/APFF Playa Delfines/PlayaDelfines_SNIB.xlsx,,Preocupación menor (LC),,,,,,source_authority_resolved,source_traceable
SP-000213,APFFPD,Área de Protección de Flora y Fauna Playa Delfines,dione vanillae,Dione vanillae,SUBSPECIES,Animalia,Arthropoda,Insecta,Lepidoptera,Nymphalidae,Dione,GBIF; Naturalista,GBIF Backbone:11701883.0; Naturalista/iNaturalist taxonomy:49150,2,2,Insumos/APFF Playa Delfines/PlayaDelfines_GBIF.xlsx; Insumos/APFF Playa Delfines/PlayaDelfines_Naturalista.xlsx,,,,,,,,source_authority_resolved,source_traceable
SP-000215,APFFPD,Área de Protección de Flora y Fauna Playa Delfines,distimake distimake aegyptius,Distimake Distimake aegyptius,species,Plantae,Tracheophyta,Magnoliopsida,Solanales,Convolvulaceae,Distimake,SNIB,SNIB/CONABIO valid taxonomy:distimake distimake aegyptius,1,1,Insumos/APFF Playa Delfines/PlayaDelfines_SNIB.xlsx,,,,,,,,source_authority_resolved,source_traceable
SP-000214,APFFPD,Área de Protección de Flora y Fauna Playa Delfines,distimake aegyptius,Distimake aegyptius,species,Plantae,Tracheophyta,Magnoliopsida,Solanales,Convolvulaceae,,Naturalista,Naturalista/iNaturalist taxonomy:936421,1,1,Insumos/APFF Playa Delfines/PlayaDelfines_Naturalista.xlsx,,,,,,,,source_authority_resolved,source_traceable
SP-000217,APFFPD,Área de Protección de Flora y Fauna Playa Delfines,dives dives dives,Dives Dives dives,species,Animalia,Chordata,Aves,Passeriformes,Icteridae,Dives,SNIB,SNIB/CONABIO valid taxonomy:dives dives dives,71,47,Insumos/APFF Playa Delfines/PlayaDelfines_SNIB.xlsx,,Preocupación menor (LC),,,,,possible_cross_source_duplicate,source_authority_resolved,source_traceable
SP-000216,APFFPD,Área de Protección de Flora y Fauna Playa Delfines,dives dives,Dives dives,SPECIES,Animalia,Chordata,Aves,Passeriformes,Icteridae,Dives,GBIF,GBIF Backbone:2484434.0,47,27,Insumos/APFF Playa Delfines/PlayaDelfines_GBIF.xlsx,,,,,,,possible_cross_source_duplicate,source_authority_resolved,source_traceable
SP-000218,APFFPD,Área de Protección de Flora y Fauna Playa Delfines,dryas dryas iulia,Dryas Dryas iulia,species,Animalia,Arthropoda,Insecta,Lepidoptera,Nymphalidae,Dryas,SNIB,SNIB/CONABIO valid taxonomy:dryas dryas iulia,1,1,Insumos/APFF Playa Delfines/PlayaDelfines_SNIB.xlsx,,,,,,,,source_authority_resolved,source_traceable
SP-000219,APFFPD,Área de Protección de Flora y Fauna Playa Delfines,dryobates dryobates scalaris,Dryobates Dryobates scalaris,species,Animalia,Chordata,Aves,Piciformes,Picidae,Dryobates,SNIB,SNIB/CONABIO valid taxonomy:dryobates dryobates scalaris,3,2,Insumos/APFF Playa Delfines/PlayaDelfines_SNIB.xlsx,,Preocupación menor (LC),,,,,possible_cross_source_duplicate,source_authority_resolved,source_traceable
SP-000220,APFFPD,Área de Protección de Flora y Fauna Playa Delfines,dryobates scalaris,Dryobates scalaris,SPECIES,Animalia,Chordata,Aves,Piciformes,Picidae,Dryobates,GBIF,GBIF Backbone:8959883.0,2,1,Insumos/APFF Playa Delfines/PlayaDelfines_GBIF.xlsx,,,,,,,possible_cross_source_duplicate,source_authority_resolved,source_traceable
SP-000221,APFFPD,Área de Protección de Flora y Fauna Playa Delfines,dryocopus dryocopus lineatus,Dryocopus Dryocopus lineatus,species,Animalia,Chordata,Aves,Piciformes,Picidae,Dryocopus,SNIB,SNIB/CONABIO valid taxonomy:dryocopus dryocopus lineatus,1,1,Insumos/APFF Playa Delfines/PlayaDelfines_SNIB.xlsx,,Preocupación menor (LC) (En IUCN Red List 2025-1 como Hylatomus lineatus (ver relaciones de sinonimia).),,,,,,source_authority_resolved,source_traceable
SP-000222,APFFPD,Área de Protección de Flora y Fauna Playa Delfines,dryocopus lineatus,Dryocopus lineatus,SPECIES,Animalia,Chordata,Aves,Piciformes,Picidae,Dryocopus,GBIF,GBIF Backbone:5228831.0,1,1,Insumos/APFF Playa Delfines/PlayaDelfines_GBIF.xlsx,,,,,,,,source_authority_resolved,source_traceable
SP-000224,APFFPD,Área de Protección de Flora y Fauna Playa Delfines,dumetella dumetella carolinensis,Dumetella Dumetella carolinensis,species,Animalia,Chordata,Aves,Passeriformes,Mimidae,Dumetella,SNIB,SNIB/CONABIO valid taxonomy:dumetella dumetella carolinensis,22,15,Insumos/APFF Playa Delfines/PlayaDelfines_SNIB.xlsx,,Preocupación menor (LC),,,,,possible_cross_source_duplicate,source_authority_resolved,source_traceable
SP-000223,APFFPD,Área de Protección de Flora y Fauna Playa Delfines,dumetella carolinensis,Dumetella carolinensis,SPECIES,Animalia,Chordata,Aves,Passeriformes,Mimidae,Dumetella,GBIF,GBIF Backbone:2494936.0,19,12,Insumos/APFF Playa Delfines/PlayaDelfines_GBIF.xlsx,,,,,,,possible_cross_source_duplicate,source_authority_resolved,source_traceable
SP-000225,APFFPD,Área de Protección de Flora y Fauna Playa Delfines,eburia eburia stigma,Eburia Eburia stigma,species,Animalia,Arthropoda,Insecta,Coleoptera,Cerambycidae,Eburia,SNIB,SNIB/CONABIO valid taxonomy:eburia eburia stigma,1,1,Insumos/APFF Playa Delfines/PlayaDelfines_SNIB.xlsx,,,,,,,,source_authority_resolved,source_traceable
SP-000226,APFFPD,Área de Protección de Flora y Fauna Playa Delfines,eburia stigma,Eburia stigma,SPECIES,Animalia,Arthropoda,Insecta,Coleoptera,Cerambycidae,Eburia,GBIF,GBIF Backbone:5997087.0,1,1,Insumos/APFF Playa Delfines/PlayaDelfines_GBIF.xlsx,,,,,,,,source_authority_resolved,source_traceable
SP-000227,APFFPD,Área de Protección de Flora y Fauna Playa Delfines,echites echites umbellatus,Echites Echites umbellatus,species,Plantae,Tracheophyta,Magnoliopsida,Gentianales,Apocynaceae,Echites,SNIB,SNIB/CONABIO valid taxonomy:echites echites umbellatus,4,4,Insumos/APFF Playa Delfines/PlayaDelfines_SNIB.xlsx,,,,,,,,source_authority_resolved,source_traceable
SP-000228,APFFPD,Área de Protección de Flora y Fauna Playa Delfines,echites umbellatus,Echites umbellatus,species,Plantae,Tracheophyta,Magnoliopsida,Gentianales,Apocynaceae,Echites,GBIF; Naturalista,GBIF Backbone:7156076.0; Naturalista/iNaturalist taxonomy:277412,6,6,Insumos/APFF Playa Delfines/PlayaDelfines_GBIF.xlsx; Insumos/APFF Playa Delfines/PlayaDelfines_Naturalista.xlsx,,,,,,,,source_authority_resolved,source_traceable
SP-000229,APFFPD,Área de Protección de Flora y Fauna Playa Delfines,ectatomma ectatomma tuberculatum,Ectatomma Ectatomma tuberculatum,species,Animalia,Arthropoda,Insecta,Hymenoptera,Formicidae,Ectatomma,SNIB,SNIB/CONABIO valid taxonomy:ectatomma ectatomma tuberculatum,4,4,Insumos/APFF Playa Delfines/PlayaDelfines_SNIB.xlsx,,,,,,,,source_authority_resolved,source_traceable
SP-000230,APFFPD,Área de Protección de Flora y Fauna Playa Delfines,ectatomma tuberculatum,Ectatomma tuberculatum,species,Animalia,Arthropoda,Insecta,Hymenoptera,Formicidae,Ectatomma,GBIF; Naturalista,GBIF Backbone:1314150.0; Naturalista/iNaturalist taxonomy:300347,4,4,Insumos/APFF Playa Delfines/PlayaDelfines_GBIF.xlsx; Insumos/APFF Playa Delfines/PlayaDelfines_Naturalista.xlsx,,,,,,,,source_authority_resolved,source_traceable
SP-000231,APFFPD,Área de Protección de Flora y Fauna Playa Delfines,edessa edessa rufomarginata,Edessa Edessa rufomarginata,species,Animalia,Arthropoda,Insecta,Hemiptera,Pentatomidae,Edessa,SNIB,SNIB/CONABIO valid taxonomy:edessa edessa rufomarginata,1,1,Insumos/APFF Playa Delfines/PlayaDelfines_SNIB.xlsx,,,,,,,,source_authority_resolved,source_traceable
SP-000233,APFFPD,Área de Protección de Flora y Fauna Playa Delfines,egretta egretta caerulea,Egretta Egretta caerulea,species,Animalia,Chordata,Aves,Pelecaniformes,Ardeidae,Egretta,SNIB,SNIB/CONABIO valid taxonomy:egretta egretta caerulea,27,21,Insumos/APFF Playa Delfines/PlayaDelfines_SNIB.xlsx,,Preocupación menor (LC),,,,,possible_cross_source_duplicate,source_authority_resolved,source_traceable
SP-000234,APFFPD,Área de Protección de Flora y Fauna Playa Delfines,egretta egretta rufescens,Egretta Egretta rufescens,species,Animalia,Chordata,Aves,Pelecaniformes,Ardeidae,Egretta,SNIB,SNIB/CONABIO valid taxonomy:egretta egretta rufescens,9,7,Insumos/APFF Playa Delfines/PlayaDelfines_SNIB.xlsx,En peligro de extinción (P),Casi amenazado (NT),,,,,possible_cross_source_duplicate,source_authority_resolved,source_traceable
SP-000235,APFFPD,Área de Protección de Flora y Fauna Playa Delfines,egretta egretta thula,Egretta Egretta thula,species,Animalia,Chordata,Aves,Pelecaniformes,Ardeidae,Egretta,SNIB,SNIB/CONABIO valid taxonomy:egretta egretta thula,25,22,Insumos/APFF Playa Delfines/PlayaDelfines_SNIB.xlsx,,Preocupación menor (LC),,,,,possible_cross_source_duplicate,source_authority_resolved,source_traceable
SP-000236,APFFPD,Área de Protección de Flora y Fauna Playa Delfines,egretta egretta tricolor,Egretta Egretta tricolor,species,Animalia,Chordata,Aves,Pelecaniformes,Ardeidae,Egretta,SNIB,SNIB/CONABIO valid taxonomy:egretta egretta tricolor,36,29,Insumos/APFF Playa Delfines/PlayaDelfines_SNIB.xlsx,,Preocupación menor (LC),,,,,possible_cross_source_duplicate,source_authority_resolved,source_traceable
SP-000232,APFFPD,Área de Protección de Flora y Fauna Playa Delfines,egretta caerulea,Egretta caerulea,SPECIES,Animalia,Chordata,Aves,Pelecaniformes,Ardeidae,Egretta,GBIF,GBIF Backbone:2480894.0,13,10,Insumos/APFF Playa Delfines/PlayaDelfines_GBIF.xlsx,,,,,,,possible_cross_source_duplicate,source_authority_resolved,source_traceable
SP-000237,APFFPD,Área de Protección de Flora y Fauna Playa Delfines,egretta rufescens,Egretta rufescens,SPECIES,Animalia,Chordata,Aves,Pelecaniformes,Ardeidae,Egretta,GBIF,GBIF Backbone:2480888.0,5,4,Insumos/APFF Playa Delfines/PlayaDelfines_GBIF.xlsx,,,,,,,possible_cross_source_duplicate,source_authority_resolved,source_traceable
SP-000238,APFFPD,Área de Protección de Flora y Fauna Playa Delfines,egretta thula,Egretta thula,SPECIES,Animalia,Chordata,Aves,Pelecaniformes,Ardeidae,Egretta,GBIF,GBIF Backbone:2480873.0,15,12,Insumos/APFF Playa Delfines/PlayaDelfines_GBIF.xlsx,,,,,,,possible_cross_source_duplicate,source_authority_resolved,source_traceable
SP-000239,APFFPD,Área de Protección de Flora y Fauna Playa Delfines,egretta tricolor,Egretta tricolor,SPECIES,Animalia,Chordata,Aves,Pelecaniformes,Ardeidae,Egretta,GBIF,GBIF Backbone:2480881.0,18,14,Insumos/APFF Playa Delfines/PlayaDelfines_GBIF.xlsx,,,,,,,possible_cross_source_duplicate,source_authority_resolved,source_traceable
SP-000240,APFFPD,Área de Protección de Flora y Fauna Playa Delfines,elaenia elaenia flavogaster,Elaenia Elaenia flavogaster,species,Animalia,Chordata,Aves,Passeriformes,Tyrannidae,Elaenia,SNIB,SNIB/CONABIO valid taxonomy:elaenia elaenia flavogaster,3,3,Insumos/APFF Playa Delfines/PlayaDelfines_SNIB.xlsx,,Preocupación menor (LC),,,,,,source_authority_resolved,source_traceable
SP-000241,APFFPD,Área de Protección de Flora y Fauna Playa Delfines,elaenia elaenia martinica,Elaenia Elaenia martinica,species,Animalia,Chordata,Aves,Passeriformes,Tyrannidae,Elaenia,SNIB,SNIB/CONABIO valid taxonomy:elaenia elaenia martinica,1,1,Insumos/APFF Playa Delfines/PlayaDelfines_SNIB.xlsx,,Preocupación menor (LC),,,Cuasiendémica,,,source_authority_resolved,source_traceable
SP-000242,APFFPD,Área de Protección de Flora y Fauna Playa Delfines,elaenia flavogaster,Elaenia flavogaster,SPECIES,Animalia,Chordata,Aves,Passeriformes,Tyrannidae,Elaenia,GBIF,GBIF Backbone:5229606.0,2,2,Insumos/APFF Playa Delfines/PlayaDelfines_GBIF.xlsx,,,,,,,,source_authority_resolved,source_traceable
SP-000243,APFFPD,Área de Protección de Flora y Fauna Playa Delfines,elaenia martinica,Elaenia martinica,species,Animalia,Chordata,Aves,Passeriformes,Tyrannidae,,Naturalista,Naturalista/iNaturalist taxonomy:16702,1,1,Insumos/APFF Playa Delfines/PlayaDelfines_Naturalista.xlsx,,,,,,,,source_authority_resolved,source_traceable
SP-000244,APFFPD,Área de Protección de Flora y Fauna Playa Delfines,elanoides elanoides forficatus,Elanoides Elanoides forficatus,species,Animalia,Chordata,Aves,Accipitriformes,Accipitridae,Elanoides,SNIB,SNIB/CONABIO valid taxonomy:elanoides elanoides forficatus,2,2,Insumos/APFF Playa Delfines/PlayaDelfines_SNIB.xlsx,Sujeta a protección especial (Pr),Preocupación menor (LC),Apéndice II,,,,,source_authority_resolved,source_traceable
SP-000245,APFFPD,Área de Protección de Flora y Fauna Playa Delfines,elanoides forficatus,Elanoides forficatus,SPECIES,Animalia,Chordata,Aves,Accipitriformes,Accipitridae,Elanoides,GBIF,GBIF Backbone:2480461.0,1,1,Insumos/APFF Playa Delfines/PlayaDelfines_GBIF.xlsx,,,,,,,,source_authority_resolved,source_traceable
SP-000246,APFFPD,Área de Protección de Flora y Fauna Playa Delfines,eleutherodactylus eleutherodactylus planirostris,Eleutherodactylus Eleutherodactylus planirostris,species,Animalia,Chordata,Amphibia,Anura,Eleutherodactylidae,Eleutherodactylus,SNIB,SNIB/CONABIO valid taxonomy:eleutherodactylus eleutherodactylus planirostris,1,1,Insumos/APFF Playa Delfines/PlayaDelfines_SNIB.xlsx,,,,,,Exótica-Invasora,,source_authority_resolved,source_traceable
SP-000247,APFFPD,Área de Protección de Flora y Fauna Playa Delfines,enyo enyo lugubris,Enyo Enyo lugubris,species,Animalia,Arthropoda,Insecta,Lepidoptera,Sphingidae,Enyo,SNIB,SNIB/CONABIO valid taxonomy:enyo enyo lugubris,2,2,Insumos/APFF Playa Delfines/PlayaDelfines_SNIB.xlsx,,,,,,,,source_authority_resolved,source_traceable
SP-000248,APFFPD,Área de Protección de Flora y Fauna Playa Delfines,ernodea,Ernodea,,Plantae,Tracheophyta,Magnoliopsida,Gentianales,Rubiaceae,,Naturalista,Naturalista/iNaturalist taxonomy:133300,1,1,Insumos/APFF Playa Delfines/PlayaDelfines_Naturalista.xlsx,,,,,,,,source_authority_resolved,source_traceable
SP-000249,APFFPD,Área de Protección de Flora y Fauna Playa Delfines,ernodea ernodea littoralis,Ernodea Ernodea littoralis,species,Plantae,Tracheophyta,Magnoliopsida,Gentianales,Rubiaceae,Ernodea,SNIB,SNIB/CONABIO valid taxonomy:ernodea ernodea littoralis,1,1,Insumos/APFF Playa Delfines/PlayaDelfines_SNIB.xlsx,,Preocupación menor (LC),,,,,,source_authority_resolved,source_traceable
SP-000250,APFFPD,Área de Protección de Flora y Fauna Playa Delfines,ernodea littoralis,Ernodea littoralis,species,Plantae,Tracheophyta,Magnoliopsida,Gentianales,Rubiaceae,Ernodea,GBIF; Naturalista,GBIF Backbone:2893696.0; Naturalista/iNaturalist taxonomy:133299,4,4,Insumos/APFF Playa Delfines/PlayaDelfines_GBIF.xlsx; Insumos/APFF Playa Delfines/PlayaDelfines_Naturalista.xlsx,,,,,,,,source_authority_resolved,source_traceable
SP-000252,APFFPD,Área de Protección de Flora y Fauna Playa Delfines,erythrodiplax erythrodiplax berenice,Erythrodiplax Erythrodiplax berenice,species,Animalia,Arthropoda,Insecta,Odonata,Libellulidae,Erythrodiplax,SNIB,SNIB/CONABIO valid taxonomy:erythrodiplax erythrodiplax berenice,1,1,Insumos/APFF Playa Delfines/PlayaDelfines_SNIB.xlsx,,Preocupación menor (LC),,,,,,source_authority_resolved,source_traceable
SP-000253,APFFPD,Área de Protección de Flora y Fauna Playa Delfines,erythrodiplax erythrodiplax umbrata,Erythrodiplax Erythrodiplax umbrata,species,Animalia,Arthropoda,Insecta,Odonata,Libellulidae,Erythrodiplax,SNIB,SNIB/CONABIO valid taxonomy:erythrodiplax erythrodiplax umbrata,3,3,Insumos/APFF Playa Delfines/PlayaDelfines_SNIB.xlsx,,Preocupación menor (LC),,,,,,source_authority_resolved,source_traceable
SP-000251,APFFPD,Área de Protección de Flora y Fauna Playa Delfines,erythrodiplax berenice,Erythrodiplax berenice,SPECIES,Animalia,Arthropoda,Insecta,Odonata,Libellulidae,Erythrodiplax,GBIF; Naturalista,GBIF Backbone:1428980.0; Naturalista/iNaturalist taxonomy:100391,2,2,Insumos/APFF Playa Delfines/PlayaDelfines_GBIF.xlsx; Insumos/APFF Playa Delfines/PlayaDelfines_Naturalista.xlsx,,,,,,,,source_authority_resolved,source_traceable
SP-000254,APFFPD,Área de Protección de Flora y Fauna Playa Delfines,erythrodiplax umbrata,Erythrodiplax umbrata,SPECIES,Animalia,Arthropoda,Insecta,Odonata,Libellulidae,Erythrodiplax,GBIF; Naturalista,GBIF Backbone:1429049.0; Naturalista/iNaturalist taxonomy:50342,4,4,Insumos/APFF Playa Delfines/PlayaDelfines_GBIF.xlsx; Insumos/APFF Playa Delfines/PlayaDelfines_Naturalista.xlsx,,,,,,,,source_authority_resolved,source_traceable
SP-000255,APFFPD,Área de Protección de Flora y Fauna Playa Delfines,ethmia bittenella,Ethmia bittenella,species,Animalia,Arthropoda,Insecta,Lepidoptera,Ethmiidae,,Naturalista,Naturalista/iNaturalist taxonomy:546716,1,1,Insumos/APFF Playa Delfines/PlayaDelfines_Naturalista.xlsx,,,,,,,,source_authority_resolved,source_traceable
SP-000257,APFFPD,Área de Protección de Flora y Fauna Playa Delfines,eudocimus eudocimus albus,Eudocimus Eudocimus albus,species,Animalia,Chordata,Aves,Pelecaniformes,Threskiornithidae,Eudocimus,SNIB,SNIB/CONABIO valid taxonomy:eudocimus eudocimus albus,108,75,Insumos/APFF Playa Delfines/PlayaDelfines_SNIB.xlsx,,Preocupación menor (LC),,,,,possible_cross_source_duplicate,source_authority_resolved,source_traceable
SP-000256,APFFPD,Área de Protección de Flora y Fauna Playa Delfines,eudocimus albus,Eudocimus albus,SPECIES,Animalia,Chordata,Aves,Pelecaniformes,Threskiornithidae,Eudocimus,GBIF,GBIF Backbone:5229205.0,54,30,Insumos/APFF Playa Delfines/PlayaDelfines_GBIF.xlsx,,,,,,,possible_cross_source_duplicate,source_authority_resolved,source_traceable
SP-000258,APFFPD,Área de Protección de Flora y Fauna Playa Delfines,eunica eunica monima,Eunica Eunica monima,species,Animalia,Arthropoda,Insecta,Lepidoptera,Nymphalidae,Eunica,SNIB,SNIB/CONABIO valid taxonomy:eunica eunica monima,2,2,Insumos/APFF Playa Delfines/PlayaDelfines_SNIB.xlsx,,,,,,,,source_authority_resolved,source_traceable
SP-000259,APFFPD,Área de Protección de Flora y Fauna Playa Delfines,eunica monima,Eunica monima,SPECIES,Animalia,Arthropoda,Insecta,Lepidoptera,Nymphalidae,Eunica,GBIF,GBIF Backbone:5128488.0,1,1,Insumos/APFF Playa Delfines/PlayaDelfines_GBIF.xlsx,,,,,,,,source_authority_resolved,source_traceable
SP-000260,APFFPD,Área de Protección de Flora y Fauna Playa Delfines,euphonia euphonia hirundinacea,Euphonia Euphonia hirundinacea,species,Animalia,Chordata,Aves,Passeriformes,Fringillidae,Euphonia,SNIB,SNIB/CONABIO valid taxonomy:euphonia euphonia hirundinacea,1,1,Insumos/APFF Playa Delfines/PlayaDelfines_SNIB.xlsx,,Preocupación menor (LC),,,,,,source_authority_resolved,source_traceable
SP-000261,APFFPD,Área de Protección de Flora y Fauna Playa Delfines,euphorbia cozumelensis,Euphorbia cozumelensis,species,Plantae,Tracheophyta,Magnoliopsida,Malpighiales,Euphorbiaceae,,Naturalista,Naturalista/iNaturalist taxonomy:524428,1,1,Insumos/APFF Playa Delfines/PlayaDelfines_Naturalista.xlsx,,,,,,,,source_authority_resolved,source_traceable
SP-000262,APFFPD,Área de Protección de Flora y Fauna Playa Delfines,euphorbiaceae,Euphorbiaceae,,Plantae,Tracheophyta,Magnoliopsida,Malpighiales,Euphorbiaceae,,Naturalista,Naturalista/iNaturalist taxonomy:51821,1,1,Insumos/APFF Playa Delfines/PlayaDelfines_Naturalista.xlsx,,,,,,,,source_authority_resolved,source_traceable
SP-000263,APFFPD,Área de Protección de Flora y Fauna Playa Delfines,eupsittula eupsittula nana,Eupsittula Eupsittula nana,species,Animalia,Chordata,Aves,Psittaciformes,Psittacidae,Eupsittula,SNIB,SNIB/CONABIO valid taxonomy:eupsittula eupsittula nana,29,21,Insumos/APFF Playa Delfines/PlayaDelfines_SNIB.xlsx,Sujeta a protección especial (Pr),,Apéndice II (Publicado en CITES 2022 como Aratinga nana (ver relaciones de sinonimia).),DOF 2014,,,possible_cross_source_duplicate,source_authority_resolved,source_traceable
SP-000265,APFFPD,Área de Protección de Flora y Fauna Playa Delfines,eurypepla eurypepla brevilineata,Eurypepla Eurypepla brevilineata,species,Animalia,Arthropoda,Insecta,Coleoptera,Chrysomelidae,Eurypepla,SNIB,SNIB/CONABIO valid taxonomy:eurypepla eurypepla brevilineata,4,4,Insumos/APFF Playa Delfines/PlayaDelfines_SNIB.xlsx,,,,,,,,source_authority_resolved,source_traceable
SP-000264,APFFPD,Área de Protección de Flora y Fauna Playa Delfines,eurypepla brevilineata,Eurypepla brevilineata,species,Animalia,Arthropoda,Insecta,Coleoptera,Chrysomelidae,Eurypepla,GBIF; Naturalista,GBIF Backbone:6275504.0; Naturalista/iNaturalist taxonomy:310204,6,6,Insumos/APFF Playa Delfines/PlayaDelfines_GBIF.xlsx; Insumos/APFF Playa Delfines/PlayaDelfines_Naturalista.xlsx,,,,,,,,source_authority_resolved,source_traceable
SP-000267,APFFPD,Área de Protección de Flora y Fauna Playa Delfines,falco falco columbarius,Falco Falco columbarius,species,Animalia,Chordata,Aves,Falconiformes,Falconidae,Falco,SNIB,SNIB/CONABIO valid taxonomy:falco falco columbarius,4,4,Insumos/APFF Playa Delfines/PlayaDelfines_SNIB.xlsx,,Preocupación menor (LC),Apéndice II,,,,,source_authority_resolved,source_traceable
SP-000268,APFFPD,Área de Protección de Flora y Fauna Playa Delfines,falco falco peregrinus,Falco Falco peregrinus,species,Animalia,Chordata,Aves,Falconiformes,Falconidae,Falco,SNIB,SNIB/CONABIO valid taxonomy:falco falco peregrinus,16,11,Insumos/APFF Playa Delfines/PlayaDelfines_SNIB.xlsx,Sujeta a protección especial (Pr),Preocupación menor (LC),Apéndice I,,,,possible_cross_source_duplicate,source_authority_resolved,source_traceable
SP-000269,APFFPD,Área de Protección de Flora y Fauna Playa Delfines,falco falco rufigularis,Falco Falco rufigularis,species,Animalia,Chordata,Aves,Falconiformes,Falconidae,Falco,SNIB,SNIB/CONABIO valid taxonomy:falco falco rufigularis,2,2,Insumos/APFF Playa Delfines/PlayaDelfines_SNIB.xlsx,,Preocupación menor (LC),Apéndice II,,,,,source_authority_resolved,source_traceable
SP-000270,APFFPD,Área de Protección de Flora y Fauna Playa Delfines,falco falco sparverius,Falco Falco sparverius,species,Animalia,Chordata,Aves,Falconiformes,Falconidae,Falco,SNIB,SNIB/CONABIO valid taxonomy:falco falco sparverius,4,4,Insumos/APFF Playa Delfines/PlayaDelfines_SNIB.xlsx,,Preocupación menor (LC),Apéndice II,,,,,source_authority_resolved,source_traceable
SP-000266,APFFPD,Área de Protección de Flora y Fauna Playa Delfines,falco columbarius,Falco columbarius,SPECIES,Animalia,Chordata,Aves,Falconiformes,Falconidae,Falco,GBIF,GBIF Backbone:9813242.0,3,3,Insumos/APFF Playa Delfines/PlayaDelfines_GBIF.xlsx,,,,,,,,source_authority_resolved,source_traceable
SP-000271,APFFPD,Área de Protección de Flora y Fauna Playa Delfines,falco peregrinus,Falco peregrinus,SPECIES,Animalia,Chordata,Aves,Falconiformes,Falconidae,Falco,GBIF,GBIF Backbone:2481047.0,3,3,Insumos/APFF Playa Delfines/PlayaDelfines_GBIF.xlsx,,,,,,,,source_authority_resolved,source_traceable
SP-000272,APFFPD,Área de Protección de Flora y Fauna Playa Delfines,falco sparverius,Falco sparverius,SPECIES,Animalia,Chordata,Aves,Falconiformes,Falconidae,Falco,GBIF,GBIF Backbone:9685907.0,1,1,Insumos/APFF Playa Delfines/PlayaDelfines_GBIF.xlsx,,,,,,,,source_authority_resolved,source_traceable
SP-000273,APFFPD,Área de Protección de Flora y Fauna Playa Delfines,fregata fregata magnificens,Fregata Fregata magnificens,species,Animalia,Chordata,Aves,Suliformes,Fregatidae,Fregata,SNIB,SNIB/CONABIO valid taxonomy:fregata fregata magnificens,389,169,Insumos/APFF Playa Delfines/PlayaDelfines_SNIB.xlsx,,Preocupación menor (LC),,,,,possible_cross_source_duplicate,source_authority_resolved,source_traceable
SP-000274,APFFPD,Área de Protección de Flora y Fauna Playa Delfines,fregata magnificens,Fregata magnificens,SPECIES,Animalia,Chordata,Aves,Suliformes,Fregatidae,Fregata,GBIF,GBIF Backbone:2480189.0,96,44,Insumos/APFF Playa Delfines/PlayaDelfines_GBIF.xlsx,,,,,,,possible_cross_source_duplicate,source_authority_resolved,source_traceable
SP-000276,APFFPD,Área de Protección de Flora y Fauna Playa Delfines,fulica fulica americana,Fulica Fulica americana,species,Animalia,Chordata,Aves,Gruiformes,Rallidae,Fulica,SNIB,SNIB/CONABIO valid taxonomy:fulica fulica americana,6,4,Insumos/APFF Playa Delfines/PlayaDelfines_SNIB.xlsx,,Preocupación menor (LC),,,,,possible_cross_source_duplicate,source_authority_resolved,source_traceable
SP-000277,APFFPD,Área de Protección de Flora y Fauna Playa Delfines,fulica fulica americana red-shielded subespecie,Fulica Fulica americana red-shielded subespecie,,,,,,Rallidae,Fulica,SNIB,SNIB/CONABIO valid taxonomy:fulica fulica americana red-shielded subespecie,1,1,Insumos/APFF Playa Delfines/PlayaDelfines_SNIB.xlsx,,,,,,,,source_authority_resolved,source_traceable
SP-000275,APFFPD,Área de Protección de Flora y Fauna Playa Delfines,fulica americana,Fulica americana,SPECIES,Animalia,Chordata,Aves,Gruiformes,Rallidae,Fulica,GBIF,GBIF Backbone:2474393.0,1,1,Insumos/APFF Playa Delfines/PlayaDelfines_GBIF.xlsx,,,,,,,,source_authority_resolved,source_traceable
SP-000279,APFFPD,Área de Protección de Flora y Fauna Playa Delfines,gallinago gallinago delicata,Gallinago Gallinago delicata,species,Animalia,Chordata,Aves,Charadriiformes,Scolopacidae,Gallinago,SNIB,SNIB/CONABIO valid taxonomy:gallinago gallinago delicata,5,4,Insumos/APFF Playa Delfines/PlayaDelfines_SNIB.xlsx,,Preocupación menor (LC),,DOF 2014,,,possible_cross_source_duplicate,source_authority_resolved,source_traceable
SP-000278,APFFPD,Área de Protección de Flora y Fauna Playa Delfines,gallinago delicata,Gallinago delicata,SPECIES,Animalia,Chordata,Aves,Charadriiformes,Scolopacidae,Gallinago,GBIF,GBIF Backbone:2481817.0,3,3,Insumos/APFF Playa Delfines/PlayaDelfines_GBIF.xlsx,,,,,,,,source_authority_resolved,source_traceable
SP-000281,APFFPD,Área de Protección de Flora y Fauna Playa Delfines,gallinula gallinula galeata,Gallinula Gallinula galeata,species,Animalia,Chordata,Aves,Gruiformes,Rallidae,Gallinula,SNIB,SNIB/CONABIO valid taxonomy:gallinula gallinula galeata,6,5,Insumos/APFF Playa Delfines/PlayaDelfines_SNIB.xlsx,,Preocupación menor (LC),,,,,possible_cross_source_duplicate,source_authority_resolved,source_traceable
SP-000280,APFFPD,Área de Protección de Flora y Fauna Playa Delfines,gallinula chloropus,Gallinula chloropus,SPECIES,Animalia,Chordata,Aves,Gruiformes,Rallidae,Gallinula,GBIF,GBIF Backbone:5228199.0,5,4,Insumos/APFF Playa Delfines/PlayaDelfines_GBIF.xlsx,,,,,,,possible_cross_source_duplicate,source_authority_resolved,source_traceable
SP-000282,APFFPD,Área de Protección de Flora y Fauna Playa Delfines,ganonema ganonema dendroideum,Ganonema Ganonema dendroideum,species,Plantae,Rhodophyta,Florideophyceae,Nemaliales,Liagoraceae,Ganonema,SNIB,SNIB/CONABIO valid taxonomy:ganonema ganonema dendroideum,1,1,Insumos/APFF Playa Delfines/PlayaDelfines_SNIB.xlsx,,,,,,,,source_authority_resolved,source_traceable
SP-000284,APFFPD,Área de Protección de Flora y Fauna Playa Delfines,gasteracantha gasteracantha cancriformis,Gasteracantha Gasteracantha cancriformis,species,Animalia,Arthropoda,Arachnida,Araneae,Araneidae,Gasteracantha,SNIB,SNIB/CONABIO valid taxonomy:gasteracantha gasteracantha cancriformis,1,1,Insumos/APFF Playa Delfines/PlayaDelfines_SNIB.xlsx,,,,,,,,source_authority_resolved,source_traceable
SP-000283,APFFPD,Área de Protección de Flora y Fauna Playa Delfines,gasteracantha cancriformis,Gasteracantha cancriformis,species,Animalia,Arthropoda,Arachnida,Araneae,Araneidae,,Naturalista,Naturalista/iNaturalist taxonomy:49540,1,1,Insumos/APFF Playa Delfines/PlayaDelfines_Naturalista.xlsx,,,,,,,,source_authority_resolved,source_traceable
SP-000285,APFFPD,Área de Protección de Flora y Fauna Playa Delfines,gelochelidon gelochelidon nilotica,Gelochelidon Gelochelidon nilotica,species,Animalia,Chordata,Aves,Charadriiformes,Laridae,Gelochelidon,SNIB,SNIB/CONABIO valid taxonomy:gelochelidon gelochelidon nilotica,7,6,Insumos/APFF Playa Delfines/PlayaDelfines_SNIB.xlsx,,Preocupación menor (LC),,,,,possible_cross_source_duplicate,source_authority_resolved,source_traceable
SP-000286,APFFPD,Área de Protección de Flora y Fauna Playa Delfines,gelochelidon nilotica,Gelochelidon nilotica,SPECIES,Animalia,Chordata,Aves,Charadriiformes,Laridae,Gelochelidon,GBIF,GBIF Backbone:2481263.0,3,2,Insumos/APFF Playa Delfines/PlayaDelfines_GBIF.xlsx,,,,,,,possible_cross_source_duplicate,source_authority_resolved,source_traceable
SP-000288,APFFPD,Área de Protección de Flora y Fauna Playa Delfines,geothlypis geothlypis formosa,Geothlypis Geothlypis formosa,species,Animalia,Chordata,Aves,Passeriformes,Parulidae,Geothlypis,SNIB,SNIB/CONABIO valid taxonomy:geothlypis geothlypis formosa,1,1,Insumos/APFF Playa Delfines/PlayaDelfines_SNIB.xlsx,,Preocupación menor (LC),,,,,,source_authority_resolved,source_traceable
SP-000289,APFFPD,Área de Protección de Flora y Fauna Playa Delfines,geothlypis geothlypis trichas,Geothlypis Geothlypis trichas,species,Animalia,Chordata,Aves,Passeriformes,Parulidae,Geothlypis,SNIB,SNIB/CONABIO valid taxonomy:geothlypis geothlypis trichas,24,20,Insumos/APFF Playa Delfines/PlayaDelfines_SNIB.xlsx,,Preocupación menor (LC),,,,,possible_cross_source_duplicate,source_authority_resolved,source_traceable
SP-000287,APFFPD,Área de Protección de Flora y Fauna Playa Delfines,geothlypis formosa,Geothlypis formosa,SPECIES,Animalia,Chordata,Aves,Passeriformes,Parulidae,Geothlypis,GBIF,GBIF Backbone:6093586.0,1,1,Insumos/APFF Playa Delfines/PlayaDelfines_GBIF.xlsx,,,,,,,,source_authority_resolved,source_traceable
SP-000290,APFFPD,Área de Protección de Flora y Fauna Playa Delfines,geothlypis trichas,Geothlypis trichas,SPECIES,Animalia,Chordata,Aves,Passeriformes,Parulidae,Geothlypis,GBIF,GBIF Backbone:2489670.0,11,10,Insumos/APFF Playa Delfines/PlayaDelfines_GBIF.xlsx,,,,,,,possible_cross_source_duplicate,source_authority_resolved,source_traceable
SP-000291,APFFPD,Área de Protección de Flora y Fauna Playa Delfines,geranoaetus geranoaetus albicaudatus,Geranoaetus Geranoaetus albicaudatus,species,Animalia,Chordata,Aves,Accipitriformes,Accipitridae,Geranoaetus,SNIB,SNIB/CONABIO valid taxonomy:geranoaetus geranoaetus albicaudatus,1,1,Insumos/APFF Playa Delfines/PlayaDelfines_SNIB.xlsx,Sujeta a protección especial (Pr),Preocupación menor (LC),Apéndice II (Publicado en CITES 2022 como Buteo albicaudatus (ver relaciones de sinonimia).),,,,,source_authority_resolved,source_traceable
SP-000293,APFFPD,Área de Protección de Flora y Fauna Playa Delfines,glaucidium glaucidium brasilianum,Glaucidium Glaucidium brasilianum,species,Animalia,Chordata,Aves,Strigiformes,Strigidae,Glaucidium,SNIB,SNIB/CONABIO valid taxonomy:glaucidium glaucidium brasilianum,2,1,Insumos/APFF Playa Delfines/PlayaDelfines_SNIB.xlsx,,Preocupación menor (LC),Apéndice II,,,,possible_cross_source_duplicate,source_authority_resolved,source_traceable
SP-000292,APFFPD,Área de Protección de Flora y Fauna Playa Delfines,glaucidium brasilianum,Glaucidium brasilianum,SPECIES,Animalia,Chordata,Aves,Strigiformes,Strigidae,Glaucidium,GBIF,GBIF Backbone:5232118.0,2,1,Insumos/APFF Playa Delfines/PlayaDelfines_GBIF.xlsx,,,,,,,possible_cross_source_duplicate,source_authority_resolved,source_traceable
SP-000294,APFFPD,Área de Protección de Flora y Fauna Playa Delfines,glutophrissa glutophrissa drusilla,Glutophrissa Glutophrissa drusilla,species,Animalia,Arthropoda,Insecta,Lepidoptera,Pieridae,Glutophrissa,SNIB,SNIB/CONABIO valid taxonomy:glutophrissa glutophrissa drusilla,1,1,Insumos/APFF Playa Delfines/PlayaDelfines_SNIB.xlsx,,,,,,,,source_authority_resolved,source_traceable
SP-000295,APFFPD,Área de Protección de Flora y Fauna Playa Delfines,gossypium gossypium hirsutum,Gossypium Gossypium hirsutum,species,Plantae,Tracheophyta,Magnoliopsida,Malvales,Malvaceae,Gossypium,SNIB,SNIB/CONABIO valid taxonomy:gossypium gossypium hirsutum,2,2,Insumos/APFF Playa Delfines/PlayaDelfines_SNIB.xlsx,Sujeta a protección especial (Pr) (exclusivamente poblaciones silvestres),Vulnerable (VU),,,,,coordinate_uncertainty_gt_10km,source_authority_resolved,source_traceable
SP-000296,APFFPD,Área de Protección de Flora y Fauna Playa Delfines,gossypium hirsutum,Gossypium hirsutum,SPECIES,Plantae,Tracheophyta,Magnoliopsida,Malvales,Malvaceae,Gossypium,GBIF,GBIF Backbone:3152661.0,2,2,Insumos/APFF Playa Delfines/PlayaDelfines_GBIF.xlsx,,,,,,,coordinate_uncertainty_gt_10km,source_authority_resolved,source_traceable
SP-000297,APFFPD,Área de Protección de Flora y Fauna Playa Delfines,guaiacum guaiacum sanctum,Guaiacum Guaiacum sanctum,species,Plantae,Tracheophyta,Magnoliopsida,Zygophyllales,Zygophyllaceae,Guaiacum,SNIB,SNIB/CONABIO valid taxonomy:guaiacum guaiacum sanctum,2,2,Insumos/APFF Playa Delfines/PlayaDelfines_SNIB.xlsx,Amenazada (A),Casi amenazado (NT),Apéndice II,,,,,source_authority_resolved,source_traceable
SP-000298,APFFPD,Área de Protección de Flora y Fauna Playa Delfines,guaiacum sanctum,Guaiacum sanctum,SPECIES,Plantae,Tracheophyta,Magnoliopsida,Zygophyllales,Zygophyllaceae,Guaiacum,GBIF,GBIF Backbone:3189908.0,2,2,Insumos/APFF Playa Delfines/PlayaDelfines_GBIF.xlsx,,,,,,,,source_authority_resolved,source_traceable
SP-000299,APFFPD,Área de Protección de Flora y Fauna Playa Delfines,guilandina guilandina bonduc,Guilandina Guilandina bonduc,species,Plantae,Tracheophyta,Magnoliopsida,Fabales,Fabaceae,Guilandina,SNIB,SNIB/CONABIO valid taxonomy:guilandina guilandina bonduc,1,1,Insumos/APFF Playa Delfines/PlayaDelfines_SNIB.xlsx,,Preocupación menor (LC),,,,,,source_authority_resolved,source_traceable
SP-000300,APFFPD,Área de Protección de Flora y Fauna Playa Delfines,gynacantha gynacantha nervosa,Gynacantha Gynacantha nervosa,species,Animalia,Arthropoda,Insecta,Odonata,Aeshnidae,Gynacantha,SNIB,SNIB/CONABIO valid taxonomy:gynacantha gynacantha nervosa,1,1,Insumos/APFF Playa Delfines/PlayaDelfines_SNIB.xlsx,,Preocupación menor (LC),,,,,,source_authority_resolved,source_traceable
SP-000301,APFFPD,Área de Protección de Flora y Fauna Playa Delfines,halimeda halimeda tuna,Halimeda Halimeda tuna,species,Plantae,Chlorophyta,Ulvophyceae,Bryopsidales,Halimedaceae,Halimeda,SNIB,SNIB/CONABIO valid taxonomy:halimeda halimeda tuna,1,1,Insumos/APFF Playa Delfines/PlayaDelfines_SNIB.xlsx,,,,,,,,source_authority_resolved,source_traceable
SP-000302,APFFPD,Área de Protección de Flora y Fauna Playa Delfines,hamadryas hamadryas guatemalena,Hamadryas Hamadryas guatemalena,species,Animalia,Arthropoda,Insecta,Lepidoptera,Nymphalidae,Hamadryas,SNIB,SNIB/CONABIO valid taxonomy:hamadryas hamadryas guatemalena,2,2,Insumos/APFF Playa Delfines/PlayaDelfines_SNIB.xlsx,,,,,,,,source_authority_resolved,source_traceable
SP-000303,APFFPD,Área de Protección de Flora y Fauna Playa Delfines,hamadryas hamadryas guatemalena guatemalena subespecie,Hamadryas Hamadryas guatemalena guatemalena subespecie,species,Animalia,Arthropoda,Insecta,Lepidoptera,Nymphalidae,Hamadryas,SNIB,SNIB/CONABIO valid taxonomy:hamadryas hamadryas guatemalena guatemalena subespecie,1,1,Insumos/APFF Playa Delfines/PlayaDelfines_SNIB.xlsx,,,,,,,,source_authority_resolved,source_traceable
SP-000304,APFFPD,Área de Protección de Flora y Fauna Playa Delfines,heliconius heliconius charithonia vazquezae subespecie,Heliconius Heliconius charithonia vazquezae subespecie,species,Animalia,Arthropoda,Insecta,Lepidoptera,Nymphalidae,Heliconius,SNIB,SNIB/CONABIO valid taxonomy:heliconius heliconius charithonia vazquezae subespecie,1,1,Insumos/APFF Playa Delfines/PlayaDelfines_SNIB.xlsx,,,,,,,,source_authority_resolved,source_traceable
SP-000305,APFFPD,Área de Protección de Flora y Fauna Playa Delfines,heliconius heliconius erato petiverana subespecie,Heliconius Heliconius erato petiverana subespecie,species,Animalia,Arthropoda,Insecta,Lepidoptera,Nymphalidae,Heliconius,SNIB,SNIB/CONABIO valid taxonomy:heliconius heliconius erato petiverana subespecie,1,1,Insumos/APFF Playa Delfines/PlayaDelfines_SNIB.xlsx,,,,,,,,source_authority_resolved,source_traceable
SP-000306,APFFPD,Área de Protección de Flora y Fauna Playa Delfines,helmitheros helmitheros vermivorum,Helmitheros Helmitheros vermivorum,species,Animalia,Chordata,Aves,Passeriformes,Parulidae,Helmitheros,SNIB,SNIB/CONABIO valid taxonomy:helmitheros helmitheros vermivorum,3,3,Insumos/APFF Playa Delfines/PlayaDelfines_SNIB.xlsx,,Preocupación menor (LC),,,,,,source_authority_resolved,source_traceable
SP-000307,APFFPD,Área de Protección de Flora y Fauna Playa Delfines,helmitheros vermivorum,Helmitheros vermivorum,SPECIES,Animalia,Chordata,Aves,Passeriformes,Parulidae,Helmitheros,GBIF,GBIF Backbone:2489603.0,1,1,Insumos/APFF Playa Delfines/PlayaDelfines_GBIF.xlsx,,,,,,,,source_authority_resolved,source_traceable
SP-000309,APFFPD,Área de Protección de Flora y Fauna Playa Delfines,hemiargus hemiargus ceraunus,Hemiargus Hemiargus ceraunus,species,Animalia,Arthropoda,Insecta,Lepidoptera,Lycaenidae,Hemiargus,SNIB,SNIB/CONABIO valid taxonomy:hemiargus hemiargus ceraunus,1,1,Insumos/APFF Playa Delfines/PlayaDelfines_SNIB.xlsx,,,,,,,,source_authority_resolved,source_traceable
SP-000308,APFFPD,Área de Protección de Flora y Fauna Playa Delfines,hemiargus ceraunus,Hemiargus ceraunus,SPECIES,Animalia,Arthropoda,Insecta,Lepidoptera,Lycaenidae,Hemiargus,GBIF,GBIF Backbone:1927988.0,1,1,Insumos/APFF Playa Delfines/PlayaDelfines_GBIF.xlsx,,,,,,,,source_authority_resolved,source_traceable
SP-000310,APFFPD,Área de Protección de Flora y Fauna Playa Delfines,himantopus himantopus mexicanus,Himantopus Himantopus mexicanus,species,Animalia,Chordata,Aves,Charadriiformes,Recurvirostridae,Himantopus,SNIB,SNIB/CONABIO valid taxonomy:himantopus himantopus mexicanus,43,36,Insumos/APFF Playa Delfines/PlayaDelfines_SNIB.xlsx,,,,,,,possible_cross_source_duplicate,source_authority_resolved,source_traceable
SP-000311,APFFPD,Área de Protección de Flora y Fauna Playa Delfines,himantopus himantopus mexicanus mexicanus subespecie,Himantopus Himantopus mexicanus mexicanus subespecie,species,Animalia,Chordata,Aves,Charadriiformes,Recurvirostridae,Himantopus,SNIB,SNIB/CONABIO valid taxonomy:himantopus himantopus mexicanus mexicanus subespecie,7,5,Insumos/APFF Playa Delfines/PlayaDelfines_SNIB.xlsx,,,,,,,possible_cross_source_duplicate,source_authority_resolved,source_traceable
SP-000312,APFFPD,Área de Protección de Flora y Fauna Playa Delfines,himantopus mexicanus,Himantopus mexicanus,SPECIES,Animalia,Chordata,Aves,Charadriiformes,Recurvirostridae,Himantopus,GBIF,GBIF Backbone:5229128.0,27,17,Insumos/APFF Playa Delfines/PlayaDelfines_GBIF.xlsx,,,,,,,possible_cross_source_duplicate,source_authority_resolved,source_traceable
SP-000313,APFFPD,Área de Protección de Flora y Fauna Playa Delfines,hirundo hirundo rustica,Hirundo Hirundo rustica,species,Animalia,Chordata,Aves,Passeriformes,Hirundinidae,Hirundo,SNIB,SNIB/CONABIO valid taxonomy:hirundo hirundo rustica,25,19,Insumos/APFF Playa Delfines/PlayaDelfines_SNIB.xlsx,,Preocupación menor (LC),,,,,possible_cross_source_duplicate,source_authority_resolved,source_traceable
SP-000314,APFFPD,Área de Protección de Flora y Fauna Playa Delfines,hirundo hirundo rustica erythrogaster subespecie,Hirundo Hirundo rustica erythrogaster subespecie,species,Animalia,Chordata,Aves,Passeriformes,Hirundinidae,Hirundo,SNIB,SNIB/CONABIO valid taxonomy:hirundo hirundo rustica erythrogaster subespecie,3,3,Insumos/APFF Playa Delfines/PlayaDelfines_SNIB.xlsx,,Preocupación menor (LC),,,,,,source_authority_resolved,source_traceable
SP-000315,APFFPD,Área de Protección de Flora y Fauna Playa Delfines,hirundo rustica,Hirundo rustica,SPECIES,Animalia,Chordata,Aves,Passeriformes,Hirundinidae,Hirundo,GBIF,GBIF Backbone:9515886.0,7,4,Insumos/APFF Playa Delfines/PlayaDelfines_GBIF.xlsx,,,,,,,possible_cross_source_duplicate,source_authority_resolved,source_traceable
SP-000316,APFFPD,Área de Protección de Flora y Fauna Playa Delfines,holothuria holothuria halodeima mexicana,Holothuria Holothuria (Halodeima) mexicana,species,Animalia,Echinodermata,Holothuroidea,Holothuriida,Holothuriidae,Holothuria,SNIB,SNIB/CONABIO valid taxonomy:holothuria holothuria halodeima mexicana,1,1,Insumos/APFF Playa Delfines/PlayaDelfines_SNIB.xlsx,,Preocupación menor (LC) (En IUCN Red List 2025-1 como Holothuria mexicana (ver relaciones de sinonimia).),,,,,,source_authority_resolved,source_traceable
SP-000317,APFFPD,Área de Protección de Flora y Fauna Playa Delfines,hydroprogne hydroprogne caspia,Hydroprogne Hydroprogne caspia,species,Animalia,Chordata,Aves,Charadriiformes,Laridae,Hydroprogne,SNIB,SNIB/CONABIO valid taxonomy:hydroprogne hydroprogne caspia,4,3,Insumos/APFF Playa Delfines/PlayaDelfines_SNIB.xlsx,,Preocupación menor (LC),,,,,possible_cross_source_duplicate,source_authority_resolved,source_traceable
SP-000318,APFFPD,Área de Protección de Flora y Fauna Playa Delfines,hylocereeae,Hylocereeae,,Plantae,Tracheophyta,Magnoliopsida,Caryophyllales,Cactaceae,,Naturalista,Naturalista/iNaturalist taxonomy:471788,1,1,Insumos/APFF Playa Delfines/PlayaDelfines_Naturalista.xlsx,,,,,,,,source_authority_resolved,source_traceable
SP-000319,APFFPD,Área de Protección de Flora y Fauna Playa Delfines,hylophilus decurtatus,Hylophilus decurtatus,SPECIES,Animalia,Chordata,Aves,Passeriformes,Vireonidae,Hylophilus,GBIF,GBIF Backbone:5230500.0,1,1,Insumos/APFF Playa Delfines/PlayaDelfines_GBIF.xlsx,,,,,,,,source_authority_resolved,source_traceable
SP-000320,APFFPD,Área de Protección de Flora y Fauna Playa Delfines,hymenocallis hymenocallis littoralis,Hymenocallis Hymenocallis littoralis,species,Plantae,Tracheophyta,Magnoliopsida,Asparagales,Amaryllidaceae,Hymenocallis,SNIB,SNIB/CONABIO valid taxonomy:hymenocallis hymenocallis littoralis,2,2,Insumos/APFF Playa Delfines/PlayaDelfines_SNIB.xlsx,,,,,,,,source_authority_resolved,source_traceable
SP-000321,APFFPD,Área de Protección de Flora y Fauna Playa Delfines,hymenocallis littoralis,Hymenocallis littoralis,species,Plantae,Tracheophyta,Liliopsida,Asparagales,Amaryllidaceae,Hymenocallis,GBIF; Naturalista,GBIF Backbone:2860119.0; Naturalista/iNaturalist taxonomy:210935,4,4,Insumos/APFF Playa Delfines/PlayaDelfines_GBIF.xlsx; Insumos/APFF Playa Delfines/PlayaDelfines_Naturalista.xlsx,,,,,,,,source_authority_resolved,source_traceable
SP-000322,APFFPD,Área de Protección de Flora y Fauna Playa Delfines,icterus,Icterus,,Animalia,Chordata,Aves,Passeriformes,Icteridae,Icterus,SNIB,SNIB/CONABIO valid taxonomy:icterus,6,6,Insumos/APFF Playa Delfines/PlayaDelfines_SNIB.xlsx,,,,,,,,source_authority_resolved,source_traceable
SP-000328,APFFPD,Área de Protección de Flora y Fauna Playa Delfines,icterus icterus auratus,Icterus Icterus auratus,species,Animalia,Chordata,Aves,Passeriformes,Icteridae,Icterus,SNIB,SNIB/CONABIO valid taxonomy:icterus icterus auratus,24,22,Insumos/APFF Playa Delfines/PlayaDelfines_SNIB.xlsx,,Preocupación menor (LC),,,Cuasiendémica,,possible_cross_source_duplicate,source_authority_resolved,source_traceable
SP-000329,APFFPD,Área de Protección de Flora y Fauna Playa Delfines,icterus icterus chrysater,Icterus Icterus chrysater,species,Animalia,Chordata,Aves,Passeriformes,Icteridae,Icterus,SNIB,SNIB/CONABIO valid taxonomy:icterus icterus chrysater,8,5,Insumos/APFF Playa Delfines/PlayaDelfines_SNIB.xlsx,,Preocupación menor (LC),,,,,possible_cross_source_duplicate,source_authority_resolved,source_traceable
SP-000330,APFFPD,Área de Protección de Flora y Fauna Playa Delfines,icterus icterus cucullatus,Icterus Icterus cucullatus,species,Animalia,Chordata,Aves,Passeriformes,Icteridae,Icterus,SNIB,SNIB/CONABIO valid taxonomy:icterus icterus cucullatus,90,51,Insumos/APFF Playa Delfines/PlayaDelfines_SNIB.xlsx,,Preocupación menor (LC),,,Semiendémica,,possible_cross_source_duplicate,source_authority_resolved,source_traceable
SP-000331,APFFPD,Área de Protección de Flora y Fauna Playa Delfines,icterus icterus cucullatus igneus subespecie,Icterus Icterus cucullatus igneus subespecie,species,Animalia,Chordata,Aves,Passeriformes,Icteridae,Icterus,SNIB,SNIB/CONABIO valid taxonomy:icterus icterus cucullatus igneus subespecie,14,9,Insumos/APFF Playa Delfines/PlayaDelfines_SNIB.xlsx,,Preocupación menor (LC),,,,,possible_cross_source_duplicate,source_authority_resolved,source_traceable
SP-000332,APFFPD,Área de Protección de Flora y Fauna Playa Delfines,icterus icterus galbula,Icterus Icterus galbula,species,Animalia,Chordata,Aves,Passeriformes,Icteridae,Icterus,SNIB,SNIB/CONABIO valid taxonomy:icterus icterus galbula,4,4,Insumos/APFF Playa Delfines/PlayaDelfines_SNIB.xlsx,,Preocupación menor (LC),,,,,,source_authority_resolved,source_traceable
SP-000333,APFFPD,Área de Protección de Flora y Fauna Playa Delfines,icterus icterus gularis,Icterus Icterus gularis,species,Animalia,Chordata,Aves,Passeriformes,Icteridae,Icterus,SNIB,SNIB/CONABIO valid taxonomy:icterus icterus gularis,22,17,Insumos/APFF Playa Delfines/PlayaDelfines_SNIB.xlsx,,Preocupación menor (LC),,,,,possible_cross_source_duplicate,source_authority_resolved,source_traceable
SP-000334,APFFPD,Área de Protección de Flora y Fauna Playa Delfines,icterus icterus prosthemelas,Icterus Icterus prosthemelas,species,Animalia,Chordata,Aves,Passeriformes,Icteridae,Icterus,SNIB,SNIB/CONABIO valid taxonomy:icterus icterus prosthemelas,2,2,Insumos/APFF Playa Delfines/PlayaDelfines_SNIB.xlsx,,Preocupación menor (LC),,,,,,source_authority_resolved,source_traceable
SP-000335,APFFPD,Área de Protección de Flora y Fauna Playa Delfines,icterus icterus spurius,Icterus Icterus spurius,species,Animalia,Chordata,Aves,Passeriformes,Icteridae,Icterus,SNIB,SNIB/CONABIO valid taxonomy:icterus icterus spurius,7,6,Insumos/APFF Playa Delfines/PlayaDelfines_SNIB.xlsx,,Preocupación menor (LC),,,,,possible_cross_source_duplicate,source_authority_resolved,source_traceable
SP-000323,APFFPD,Área de Protección de Flora y Fauna Playa Delfines,icterus auratus,Icterus auratus,SPECIES,Animalia,Chordata,Aves,Passeriformes,Icteridae,Icterus,GBIF,GBIF Backbone:5229844.0,14,11,Insumos/APFF Playa Delfines/PlayaDelfines_GBIF.xlsx,,,,,,,possible_cross_source_duplicate,source_authority_resolved,source_traceable
SP-000324,APFFPD,Área de Protección de Flora y Fauna Playa Delfines,icterus chrysater,Icterus chrysater,SPECIES,Animalia,Chordata,Aves,Passeriformes,Icteridae,Icterus,GBIF,GBIF Backbone:5229924.0,6,3,Insumos/APFF Playa Delfines/PlayaDelfines_GBIF.xlsx,,,,,,,possible_cross_source_duplicate,source_authority_resolved,source_traceable
SP-000325,APFFPD,Área de Protección de Flora y Fauna Playa Delfines,icterus cucullatus,Icterus cucullatus,SPECIES,Animalia,Chordata,Aves,Passeriformes,Icteridae,Icterus,GBIF; Naturalista,GBIF Backbone:5229882.0; Naturalista/iNaturalist taxonomy:9319,63,29,Insumos/APFF Playa Delfines/PlayaDelfines_GBIF.xlsx; Insumos/APFF Playa Delfines/PlayaDelfines_Naturalista.xlsx,,,,,,,possible_cross_source_duplicate,source_authority_resolved,source_traceable
SP-000326,APFFPD,Área de Protección de Flora y Fauna Playa Delfines,icterus galbula,Icterus galbula,SPECIES,Animalia,Chordata,Aves,Passeriformes,Icteridae,Icterus,GBIF,GBIF Backbone:2484340.0,4,4,Insumos/APFF Playa Delfines/PlayaDelfines_GBIF.xlsx,,,,,,,,source_authority_resolved,source_traceable
SP-000327,APFFPD,Área de Protección de Flora y Fauna Playa Delfines,icterus gularis,Icterus gularis,SPECIES,Animalia,Chordata,Aves,Passeriformes,Icteridae,Icterus,GBIF,GBIF Backbone:5229893.0,22,13,Insumos/APFF Playa Delfines/PlayaDelfines_GBIF.xlsx,,,,,,,possible_cross_source_duplicate,source_authority_resolved,source_traceable
SP-000336,APFFPD,Área de Protección de Flora y Fauna Playa Delfines,icterus prosthemelas,Icterus prosthemelas,SPECIES,Animalia,Chordata,Aves,Passeriformes,Icteridae,Icterus,GBIF,GBIF Backbone:5229889.0,2,2,Insumos/APFF Playa Delfines/PlayaDelfines_GBIF.xlsx,,,,,,,,source_authority_resolved,source_traceable
SP-000337,APFFPD,Área de Protección de Flora y Fauna Playa Delfines,icterus spurius,Icterus spurius,SPECIES,Animalia,Chordata,Aves,Passeriformes,Icteridae,Icterus,GBIF,GBIF Backbone:5229935.0,4,3,Insumos/APFF Playa Delfines/PlayaDelfines_GBIF.xlsx,,,,,,,possible_cross_source_duplicate,source_authority_resolved,source_traceable
SP-000338,APFFPD,Área de Protección de Flora y Fauna Playa Delfines,iguana iguana rhinolopha,Iguana Iguana rhinolopha,species,Animalia,Chordata,Reptilia,Squamata,Iguanidae,Iguana,SNIB,SNIB/CONABIO valid taxonomy:iguana iguana rhinolopha,3,3,Insumos/APFF Playa Delfines/PlayaDelfines_SNIB.xlsx,Sujeta a protección especial (Pr) (Publicado en NOM-059-SEMARNAT 2010-Mod. Anexo Normativo III 2019 como Iguana iguana),Preocupación menor (LC) (En IUCN Red List 2025-1 como Iguana iguana (ver Anotación al taxón).),Apéndice II (Publicado en CITES 2022 como Iguana iguana (ver Anotación al taxón).),DOF 2014,,,,source_authority_resolved,source_traceable
SP-000339,APFFPD,Área de Protección de Flora y Fauna Playa Delfines,ipomoea ipomoea pes-caprae,Ipomoea Ipomoea pes-caprae,species,Plantae,Tracheophyta,Magnoliopsida,Solanales,Convolvulaceae,Ipomoea,SNIB,SNIB/CONABIO valid taxonomy:ipomoea ipomoea pes-caprae,3,3,Insumos/APFF Playa Delfines/PlayaDelfines_SNIB.xlsx,,Preocupación menor (LC),,,,,,source_authority_resolved,source_traceable
SP-000340,APFFPD,Área de Protección de Flora y Fauna Playa Delfines,jacana jacana spinosa,Jacana Jacana spinosa,species,Animalia,Chordata,Aves,Charadriiformes,Jacanidae,Jacana,SNIB,SNIB/CONABIO valid taxonomy:jacana jacana spinosa,16,13,Insumos/APFF Playa Delfines/PlayaDelfines_SNIB.xlsx,,Preocupación menor (LC),,,,,possible_cross_source_duplicate,source_authority_resolved,source_traceable
SP-000341,APFFPD,Área de Protección de Flora y Fauna Playa Delfines,jacana spinosa,Jacana spinosa,SPECIES,Animalia,Chordata,Aves,Charadriiformes,Jacanidae,Jacana,GBIF,GBIF Backbone:9520263.0,7,6,Insumos/APFF Playa Delfines/PlayaDelfines_GBIF.xlsx,,,,,,,possible_cross_source_duplicate,source_authority_resolved,source_traceable
SP-000342,APFFPD,Área de Protección de Flora y Fauna Playa Delfines,jatropha jatropha integerrima,Jatropha Jatropha integerrima,species,Plantae,Tracheophyta,Magnoliopsida,Malpighiales,Euphorbiaceae,Jatropha,SNIB,SNIB/CONABIO valid taxonomy:jatropha jatropha integerrima,1,1,Insumos/APFF Playa Delfines/PlayaDelfines_SNIB.xlsx,,,,,,,,source_authority_resolved,source_traceable
SP-000343,APFFPD,Área de Protección de Flora y Fauna Playa Delfines,kallstroemia kallstroemia maxima,Kallstroemia Kallstroemia maxima,species,Plantae,Tracheophyta,Magnoliopsida,Zygophyllales,Zygophyllaceae,Kallstroemia,SNIB,SNIB/CONABIO valid taxonomy:kallstroemia kallstroemia maxima,2,1,Insumos/APFF Playa Delfines/PlayaDelfines_SNIB.xlsx,,,,,,,possible_cross_source_duplicate,source_authority_resolved,source_traceable
SP-000344,APFFPD,Área de Protección de Flora y Fauna Playa Delfines,laevicardium laevicardium pictum,Laevicardium Laevicardium pictum,species,Animalia,Mollusca,Bivalvia,Venerida,Cardiidae,Laevicardium,SNIB,SNIB/CONABIO valid taxonomy:laevicardium laevicardium pictum,1,1,Insumos/APFF Playa Delfines/PlayaDelfines_SNIB.xlsx,,,,,,,,source_authority_resolved,source_traceable
SP-000345,APFFPD,Área de Protección de Flora y Fauna Playa Delfines,lantana,Lantana,,Plantae,Tracheophyta,Magnoliopsida,Lamiales,Verbenaceae,,Naturalista,Naturalista/iNaturalist taxonomy:50334,1,1,Insumos/APFF Playa Delfines/PlayaDelfines_Naturalista.xlsx,,,,,,,,source_authority_resolved,source_traceable
SP-000347,APFFPD,Área de Protección de Flora y Fauna Playa Delfines,lantana lantana involucrata,Lantana Lantana involucrata,species,Plantae,Tracheophyta,Magnoliopsida,Lamiales,Verbenaceae,Lantana,SNIB,SNIB/CONABIO valid taxonomy:lantana lantana involucrata,4,4,Insumos/APFF Playa Delfines/PlayaDelfines_SNIB.xlsx,,Preocupación menor (LC),,,,,,source_authority_resolved,source_traceable
SP-000346,APFFPD,Área de Protección de Flora y Fauna Playa Delfines,lantana involucrata,Lantana involucrata,species,Plantae,Tracheophyta,Magnoliopsida,Lamiales,Verbenaceae,Lantana,GBIF; Naturalista,GBIF Backbone:2925313.0; Naturalista/iNaturalist taxonomy:133331,3,3,Insumos/APFF Playa Delfines/PlayaDelfines_GBIF.xlsx; Insumos/APFF Playa Delfines/PlayaDelfines_Naturalista.xlsx,,,,,,,,source_authority_resolved,source_traceable
SP-000348,APFFPD,Área de Protección de Flora y Fauna Playa Delfines,larus larus argentatus,Larus Larus argentatus,species,Animalia,Chordata,Aves,Charadriiformes,Laridae,Larus,SNIB,SNIB/CONABIO valid taxonomy:larus larus argentatus,2,2,Insumos/APFF Playa Delfines/PlayaDelfines_SNIB.xlsx,,,,,,,,source_authority_resolved,source_traceable
SP-000349,APFFPD,Área de Protección de Flora y Fauna Playa Delfines,larus larus delawarensis,Larus Larus delawarensis,species,Animalia,Chordata,Aves,Charadriiformes,Laridae,Larus,SNIB,SNIB/CONABIO valid taxonomy:larus larus delawarensis,2,2,Insumos/APFF Playa Delfines/PlayaDelfines_SNIB.xlsx,,Preocupación menor (LC),,,,,,source_authority_resolved,source_traceable
SP-000350,APFFPD,Área de Protección de Flora y Fauna Playa Delfines,larus larus smithsonianus,Larus Larus smithsonianus,species,Animalia,Chordata,Aves,Charadriiformes,Laridae,Larus,SNIB,SNIB/CONABIO valid taxonomy:larus larus smithsonianus,1,1,Insumos/APFF Playa Delfines/PlayaDelfines_SNIB.xlsx,,Preocupación menor (LC),,,,,,source_authority_resolved,source_traceable
SP-000351,APFFPD,Área de Protección de Flora y Fauna Playa Delfines,laurencia laurencia caraibica,Laurencia Laurencia caraibica,species,Plantae,Rhodophyta,Florideophyceae,Ceramiales,Rhodomelaceae,Laurencia,SNIB,SNIB/CONABIO valid taxonomy:laurencia laurencia caraibica,1,1,Insumos/APFF Playa Delfines/PlayaDelfines_SNIB.xlsx,,,,,,,,source_authority_resolved,source_traceable
SP-000352,APFFPD,Área de Protección de Flora y Fauna Playa Delfines,laurencia laurencia intricata,Laurencia Laurencia intricata,species,Plantae,Rhodophyta,Florideophyceae,Ceramiales,Rhodomelaceae,Laurencia,SNIB,SNIB/CONABIO valid taxonomy:laurencia laurencia intricata,1,1,Insumos/APFF Playa Delfines/PlayaDelfines_SNIB.xlsx,,,,,,,,source_authority_resolved,source_traceable
SP-000353,APFFPD,Área de Protección de Flora y Fauna Playa Delfines,leiothlypis leiothlypis peregrina,Leiothlypis Leiothlypis peregrina,species,Animalia,Chordata,Aves,Passeriformes,Parulidae,Leiothlypis,SNIB,SNIB/CONABIO valid taxonomy:leiothlypis leiothlypis peregrina,6,5,Insumos/APFF Playa Delfines/PlayaDelfines_SNIB.xlsx,,Preocupación menor (LC),,,,,possible_cross_source_duplicate,source_authority_resolved,source_traceable
SP-000354,APFFPD,Área de Protección de Flora y Fauna Playa Delfines,leiothlypis peregrina,Leiothlypis peregrina,SPECIES,Animalia,Chordata,Aves,Passeriformes,Parulidae,Leiothlypis,GBIF,GBIF Backbone:7415507.0,3,2,Insumos/APFF Playa Delfines/PlayaDelfines_GBIF.xlsx,,,,,,,possible_cross_source_duplicate,source_authority_resolved,source_traceable
SP-000355,APFFPD,Área de Protección de Flora y Fauna Playa Delfines,lepidoptera,Lepidoptera,,Animalia,Arthropoda,Insecta,Lepidoptera,,,Naturalista,Naturalista/iNaturalist taxonomy:47157,1,1,Insumos/APFF Playa Delfines/PlayaDelfines_Naturalista.xlsx,,,,,,,,source_authority_resolved,source_traceable
SP-000356,APFFPD,Área de Protección de Flora y Fauna Playa Delfines,leptophis leptophis mexicanus,Leptophis Leptophis mexicanus,species,Animalia,Chordata,Reptilia,Squamata,Colubridae,Leptophis,SNIB,SNIB/CONABIO valid taxonomy:leptophis leptophis mexicanus,1,1,Insumos/APFF Playa Delfines/PlayaDelfines_SNIB.xlsx,Amenazada (A),Preocupación menor (LC),,,,,,source_authority_resolved,source_traceable
SP-000358,APFFPD,Área de Protección de Flora y Fauna Playa Delfines,leptotila leptotila jamaicensis,Leptotila Leptotila jamaicensis,species,Animalia,Chordata,Aves,Columbiformes,Columbidae,Leptotila,SNIB,SNIB/CONABIO valid taxonomy:leptotila leptotila jamaicensis,11,9,Insumos/APFF Playa Delfines/PlayaDelfines_SNIB.xlsx,,Preocupación menor (LC),,,Cuasiendémica,,possible_cross_source_duplicate,source_authority_resolved,source_traceable
SP-000359,APFFPD,Área de Protección de Flora y Fauna Playa Delfines,leptotila leptotila verreauxi,Leptotila Leptotila verreauxi,species,Animalia,Chordata,Aves,Columbiformes,Columbidae,Leptotila,SNIB,SNIB/CONABIO valid taxonomy:leptotila leptotila verreauxi,8,7,Insumos/APFF Playa Delfines/PlayaDelfines_SNIB.xlsx,,Preocupación menor (LC),,,,,possible_cross_source_duplicate,source_authority_resolved,source_traceable
SP-000357,APFFPD,Área de Protección de Flora y Fauna Playa Delfines,leptotila jamaicensis,Leptotila jamaicensis,SPECIES,Animalia,Chordata,Aves,Columbiformes,Columbidae,Leptotila,GBIF,GBIF Backbone:2496098.0,8,5,Insumos/APFF Playa Delfines/PlayaDelfines_GBIF.xlsx,,,,,,,possible_cross_source_duplicate,source_authority_resolved,source_traceable
SP-000360,APFFPD,Área de Protección de Flora y Fauna Playa Delfines,leptotila verreauxi,Leptotila verreauxi,SPECIES,Animalia,Chordata,Aves,Columbiformes,Columbidae,Leptotila,GBIF,GBIF Backbone:2496060.0,9,7,Insumos/APFF Playa Delfines/PlayaDelfines_GBIF.xlsx,,,,,,,possible_cross_source_duplicate,source_authority_resolved,source_traceable
SP-000361,APFFPD,Área de Protección de Flora y Fauna Playa Delfines,leucaena leucocephala,Leucaena leucocephala,species,Plantae,Tracheophyta,Magnoliopsida,Fabales,Fabaceae,,Naturalista,Naturalista/iNaturalist taxonomy:47447,1,1,Insumos/APFF Playa Delfines/PlayaDelfines_Naturalista.xlsx,,,,,,,,source_authority_resolved,source_traceable
SP-000363,APFFPD,Área de Protección de Flora y Fauna Playa Delfines,leucophaeus leucophaeus atricilla,Leucophaeus Leucophaeus atricilla,species,Animalia,Chordata,Aves,Charadriiformes,Laridae,Leucophaeus,SNIB,SNIB/CONABIO valid taxonomy:leucophaeus leucophaeus atricilla,307,174,Insumos/APFF Playa Delfines/PlayaDelfines_SNIB.xlsx,,Preocupación menor (LC) (En IUCN Red List 2025-1 como Larus atricilla (ver relaciones de sinonimia).),,,,,possible_cross_source_duplicate,source_authority_resolved,source_traceable
SP-000362,APFFPD,Área de Protección de Flora y Fauna Playa Delfines,leucophaeus atricilla,Leucophaeus atricilla,SPECIES,Animalia,Chordata,Aves,Charadriiformes,Laridae,Leucophaeus,GBIF; Naturalista,GBIF Backbone:6065844.0; Naturalista/iNaturalist taxonomy:144514,52,34,Insumos/APFF Playa Delfines/PlayaDelfines_GBIF.xlsx; Insumos/APFF Playa Delfines/PlayaDelfines_Naturalista.xlsx,,,,,,,possible_cross_source_duplicate,source_authority_resolved,source_traceable
SP-000365,APFFPD,Área de Protección de Flora y Fauna Playa Delfines,limnodromus limnodromus griseus,Limnodromus Limnodromus griseus,species,Animalia,Chordata,Aves,Charadriiformes,Scolopacidae,Limnodromus,SNIB,SNIB/CONABIO valid taxonomy:limnodromus limnodromus griseus,10,9,Insumos/APFF Playa Delfines/PlayaDelfines_SNIB.xlsx,,Vulnerable (VU),,,,,possible_cross_source_duplicate,source_authority_resolved,source_traceable
SP-000364,APFFPD,Área de Protección de Flora y Fauna Playa Delfines,limnodromus griseus,Limnodromus griseus,SPECIES,Animalia,Chordata,Aves,Charadriiformes,Scolopacidae,Limnodromus,GBIF,GBIF Backbone:2481672.0,6,5,Insumos/APFF Playa Delfines/PlayaDelfines_GBIF.xlsx,,,,,,,possible_cross_source_duplicate,source_authority_resolved,source_traceable
SP-000366,APFFPD,Área de Protección de Flora y Fauna Playa Delfines,lobophora lobophora variegata,Lobophora Lobophora variegata,species,Chromista,Heterokontophyta,Phaeophyceae,Dictyotales,Dictyotaceae,Lobophora,SNIB,SNIB/CONABIO valid taxonomy:lobophora lobophora variegata,1,1,Insumos/APFF Playa Delfines/PlayaDelfines_SNIB.xlsx,,,,,,,,source_authority_resolved,source_traceable
SP-000367,APFFPD,Área de Protección de Flora y Fauna Playa Delfines,lonchura lonchura punctulata,Lonchura Lonchura punctulata,species,Animalia,Chordata,Aves,Passeriformes,Estrildidae,Lonchura,SNIB,SNIB/CONABIO valid taxonomy:lonchura lonchura punctulata,2,2,Insumos/APFF Playa Delfines/PlayaDelfines_SNIB.xlsx,,,,,,Exótica-Invasora,,source_authority_resolved,source_traceable
SP-000368,APFFPD,Área de Protección de Flora y Fauna Playa Delfines,lonchura punctulata,Lonchura punctulata,SPECIES,Animalia,Chordata,Aves,Passeriformes,Estrildidae,Lonchura,GBIF,GBIF Backbone:2493598.0,2,2,Insumos/APFF Playa Delfines/PlayaDelfines_GBIF.xlsx,,,,,,,,source_authority_resolved,source_traceable
SP-000369,APFFPD,Área de Protección de Flora y Fauna Playa Delfines,macronychiini,Macronychiini,,Animalia,Arthropoda,Insecta,Diptera,Sarcophagidae,,Naturalista,Naturalista/iNaturalist taxonomy:1502302,1,1,Insumos/APFF Playa Delfines/PlayaDelfines_Naturalista.xlsx,,,,,,,,source_authority_resolved,source_traceable
SP-000371,APFFPD,Área de Protección de Flora y Fauna Playa Delfines,macroptilium macroptilium atropurpureum,Macroptilium Macroptilium atropurpureum,species,Plantae,Tracheophyta,Magnoliopsida,Fabales,Fabaceae,Macroptilium,SNIB,SNIB/CONABIO valid taxonomy:macroptilium macroptilium atropurpureum,1,1,Insumos/APFF Playa Delfines/PlayaDelfines_SNIB.xlsx,,,,,,,,source_authority_resolved,source_traceable
SP-000370,APFFPD,Área de Protección de Flora y Fauna Playa Delfines,macroptilium atropurpureum,Macroptilium atropurpureum,SPECIES,Plantae,Tracheophyta,Magnoliopsida,Fabales,Fabaceae,Macroptilium,GBIF,GBIF Backbone:2945047.0,1,1,Insumos/APFF Playa Delfines/PlayaDelfines_GBIF.xlsx,,,,,,,,source_authority_resolved,source_traceable
SP-000372,APFFPD,Área de Protección de Flora y Fauna Playa Delfines,magnoliopsida,Magnoliopsida,,Plantae,Tracheophyta,Magnoliopsida,,,,Naturalista,Naturalista/iNaturalist taxonomy:47124,1,1,Insumos/APFF Playa Delfines/PlayaDelfines_Naturalista.xlsx,,,,,,,,source_authority_resolved,source_traceable
SP-000373,APFFPD,Área de Protección de Flora y Fauna Playa Delfines,manicaria manicaria saccifera,Manicaria Manicaria saccifera,species,Plantae,Tracheophyta,Magnoliopsida,Arecales,Arecaceae,Manicaria,SNIB,SNIB/CONABIO valid taxonomy:manicaria manicaria saccifera,1,1,Insumos/APFF Playa Delfines/PlayaDelfines_SNIB.xlsx,,,,,,,,source_authority_resolved,source_traceable
SP-000375,APFFPD,Área de Protección de Flora y Fauna Playa Delfines,megaceryle megaceryle alcyon,Megaceryle Megaceryle alcyon,species,Animalia,Chordata,Aves,Coraciiformes,Alcedinidae,Megaceryle,SNIB,SNIB/CONABIO valid taxonomy:megaceryle megaceryle alcyon,16,12,Insumos/APFF Playa Delfines/PlayaDelfines_SNIB.xlsx,,Preocupación menor (LC),,,,,possible_cross_source_duplicate,source_authority_resolved,source_traceable
SP-000376,APFFPD,Área de Protección de Flora y Fauna Playa Delfines,megaceryle megaceryle torquata,Megaceryle Megaceryle torquata,species,Animalia,Chordata,Aves,Coraciiformes,Alcedinidae,Megaceryle,SNIB,SNIB/CONABIO valid taxonomy:megaceryle megaceryle torquata,2,2,Insumos/APFF Playa Delfines/PlayaDelfines_SNIB.xlsx,,Preocupación menor (LC),,,,,,source_authority_resolved,source_traceable
SP-000374,APFFPD,Área de Protección de Flora y Fauna Playa Delfines,megaceryle alcyon,Megaceryle alcyon,SPECIES,Animalia,Chordata,Aves,Coraciiformes,Alcedinidae,Megaceryle,GBIF,GBIF Backbone:2475472.0,6,5,Insumos/APFF Playa Delfines/PlayaDelfines_GBIF.xlsx,,,,,,,possible_cross_source_duplicate,source_authority_resolved,source_traceable
SP-000378,APFFPD,Área de Protección de Flora y Fauna Playa Delfines,megalopyge megalopyge lanata,Megalopyge Megalopyge lanata,species,Animalia,Arthropoda,Insecta,Lepidoptera,Megalopygidae,Megalopyge,SNIB,SNIB/CONABIO valid taxonomy:megalopyge megalopyge lanata,3,3,Insumos/APFF Playa Delfines/PlayaDelfines_SNIB.xlsx,,,,,,,,source_authority_resolved,source_traceable
SP-000377,APFFPD,Área de Protección de Flora y Fauna Playa Delfines,megalopyge lanata,Megalopyge lanata,species,Animalia,Arthropoda,Insecta,Lepidoptera,Megalopygidae,,Naturalista,Naturalista/iNaturalist taxonomy:507472,4,4,Insumos/APFF Playa Delfines/PlayaDelfines_Naturalista.xlsx,,,,,,,,source_authority_resolved,source_traceable
SP-000379,APFFPD,Área de Protección de Flora y Fauna Playa Delfines,megarynchus megarynchus pitangua,Megarynchus Megarynchus pitangua,species,Animalia,Chordata,Aves,Passeriformes,Tyrannidae,Megarynchus,SNIB,SNIB/CONABIO valid taxonomy:megarynchus megarynchus pitangua,12,10,Insumos/APFF Playa Delfines/PlayaDelfines_SNIB.xlsx,,Preocupación menor (LC),,,,,possible_cross_source_duplicate,source_authority_resolved,source_traceable
SP-000380,APFFPD,Área de Protección de Flora y Fauna Playa Delfines,megarynchus pitangua,Megarynchus pitangua,SPECIES,Animalia,Chordata,Aves,Passeriformes,Tyrannidae,Megarynchus,GBIF,GBIF Backbone:2483410.0,10,7,Insumos/APFF Playa Delfines/PlayaDelfines_GBIF.xlsx,,,,,,,possible_cross_source_duplicate,source_authority_resolved,source_traceable
SP-000382,APFFPD,Área de Protección de Flora y Fauna Playa Delfines,melanerpes melanerpes aurifrons,Melanerpes Melanerpes aurifrons,species,Animalia,Chordata,Aves,Piciformes,Picidae,Melanerpes,SNIB,SNIB/CONABIO valid taxonomy:melanerpes melanerpes aurifrons,53,38,Insumos/APFF Playa Delfines/PlayaDelfines_SNIB.xlsx,,Preocupación menor (LC),,,,,possible_cross_source_duplicate,source_authority_resolved,source_traceable
SP-000383,APFFPD,Área de Protección de Flora y Fauna Playa Delfines,melanerpes melanerpes aurifrons dubius subespecie,Melanerpes Melanerpes aurifrons dubius subespecie,species,Animalia,Chordata,Aves,Piciformes,Picidae,Melanerpes,SNIB,SNIB/CONABIO valid taxonomy:melanerpes melanerpes aurifrons dubius subespecie,1,1,Insumos/APFF Playa Delfines/PlayaDelfines_SNIB.xlsx,,Preocupación menor (LC),,,,,,source_authority_resolved,source_traceable
SP-000384,APFFPD,Área de Protección de Flora y Fauna Playa Delfines,melanerpes melanerpes pygmaeus,Melanerpes Melanerpes pygmaeus,species,Animalia,Chordata,Aves,Piciformes,Picidae,Melanerpes,SNIB,SNIB/CONABIO valid taxonomy:melanerpes melanerpes pygmaeus,20,17,Insumos/APFF Playa Delfines/PlayaDelfines_SNIB.xlsx,,Preocupación menor (LC),,,Cuasiendémica,,possible_cross_source_duplicate,source_authority_resolved,source_traceable
SP-000381,APFFPD,Área de Protección de Flora y Fauna Playa Delfines,melanerpes aurifrons,Melanerpes aurifrons,SPECIES,Animalia,Chordata,Aves,Piciformes,Picidae,Melanerpes,GBIF,GBIF Backbone:2478081.0,40,23,Insumos/APFF Playa Delfines/PlayaDelfines_GBIF.xlsx,,,,,,,possible_cross_source_duplicate,source_authority_resolved,source_traceable
SP-000385,APFFPD,Área de Protección de Flora y Fauna Playa Delfines,melanerpes pygmaeus,Melanerpes pygmaeus,SPECIES,Animalia,Chordata,Aves,Piciformes,Picidae,Melanerpes,GBIF,GBIF Backbone:2478071.0,15,12,Insumos/APFF Playa Delfines/PlayaDelfines_GBIF.xlsx,,,,,,,possible_cross_source_duplicate,source_authority_resolved,source_traceable
SP-000387,APFFPD,Área de Protección de Flora y Fauna Playa Delfines,melanoptila melanoptila glabrirostris,Melanoptila Melanoptila glabrirostris,species,Animalia,Chordata,Aves,Passeriformes,Mimidae,Melanoptila,SNIB,SNIB/CONABIO valid taxonomy:melanoptila melanoptila glabrirostris,88,47,Insumos/APFF Playa Delfines/PlayaDelfines_SNIB.xlsx,Sujeta a protección especial (Pr),Preocupación menor (LC),,,Cuasiendémica,,possible_cross_source_duplicate,source_authority_resolved,source_traceable
SP-000386,APFFPD,Área de Protección de Flora y Fauna Playa Delfines,melanoptila glabrirostris,Melanoptila glabrirostris,SPECIES,Animalia,Chordata,Aves,Passeriformes,Mimidae,Melanoptila,GBIF; Naturalista,GBIF Backbone:2494934.0; Naturalista/iNaturalist taxonomy:15018,62,28,Insumos/APFF Playa Delfines/PlayaDelfines_GBIF.xlsx; Insumos/APFF Playa Delfines/PlayaDelfines_Naturalista.xlsx,,,,,,,possible_cross_source_duplicate,source_authority_resolved,source_traceable
SP-000388,APFFPD,Área de Protección de Flora y Fauna Playa Delfines,melanothamnus melanothamnus ferulaceus,Melanothamnus Melanothamnus ferulaceus,species,Plantae,Rhodophyta,Florideophyceae,Ceramiales,Rhodomelaceae,Melanothamnus,SNIB,SNIB/CONABIO valid taxonomy:melanothamnus melanothamnus ferulaceus,2,1,Insumos/APFF Playa Delfines/PlayaDelfines_SNIB.xlsx,,,,,,,possible_cross_source_duplicate,source_authority_resolved,source_traceable
SP-000389,APFFPD,Área de Protección de Flora y Fauna Playa Delfines,melipotis fasciolaris,Melipotis fasciolaris,species,Animalia,Arthropoda,Insecta,Lepidoptera,Erebidae,,Naturalista,Naturalista/iNaturalist taxonomy:244524,2,2,Insumos/APFF Playa Delfines/PlayaDelfines_Naturalista.xlsx,,,,,,,,source_authority_resolved,source_traceable
SP-000390,APFFPD,Área de Protección de Flora y Fauna Playa Delfines,melochia melochia tomentosa,Melochia Melochia tomentosa,species,Plantae,Tracheophyta,Magnoliopsida,Malvales,Malvaceae,Melochia,SNIB,SNIB/CONABIO valid taxonomy:melochia melochia tomentosa,1,1,Insumos/APFF Playa Delfines/PlayaDelfines_SNIB.xlsx,,,,,,,,source_authority_resolved,source_traceable
SP-000391,APFFPD,Área de Protección de Flora y Fauna Playa Delfines,melochia tomentosa,Melochia tomentosa,SPECIES,Plantae,Tracheophyta,Magnoliopsida,Malvales,Malvaceae,Melochia,GBIF; Naturalista,GBIF Backbone:6686267.0; Naturalista/iNaturalist taxonomy:165296,2,2,Insumos/APFF Playa Delfines/PlayaDelfines_GBIF.xlsx; Insumos/APFF Playa Delfines/PlayaDelfines_Naturalista.xlsx,,,,,,,,source_authority_resolved,source_traceable
SP-000393,APFFPD,Área de Protección de Flora y Fauna Playa Delfines,melospiza melospiza lincolnii,Melospiza Melospiza lincolnii,species,Animalia,Chordata,Aves,Passeriformes,Passerellidae,Melospiza,SNIB,SNIB/CONABIO valid taxonomy:melospiza melospiza lincolnii,2,2,Insumos/APFF Playa Delfines/PlayaDelfines_SNIB.xlsx,,Preocupación menor (LC),,,,,,source_authority_resolved,source_traceable
SP-000392,APFFPD,Área de Protección de Flora y Fauna Playa Delfines,melospiza lincolnii,Melospiza lincolnii,SPECIES,Animalia,Chordata,Aves,Passeriformes,Passerellidae,Melospiza,GBIF,GBIF Backbone:2492192.0,1,1,Insumos/APFF Playa Delfines/PlayaDelfines_GBIF.xlsx,,,,,,,,source_authority_resolved,source_traceable
SP-000394,APFFPD,Área de Protección de Flora y Fauna Playa Delfines,membracis membracis mexicana,Membracis Membracis mexicana,species,Animalia,Arthropoda,Insecta,Hemiptera,Membracidae,Membracis,SNIB,SNIB/CONABIO valid taxonomy:membracis membracis mexicana,4,4,Insumos/APFF Playa Delfines/PlayaDelfines_SNIB.xlsx,,,,,,,,source_authority_resolved,source_traceable
SP-000395,APFFPD,Área de Protección de Flora y Fauna Playa Delfines,menemerus menemerus bivittatus,Menemerus Menemerus bivittatus,species,Animalia,Arthropoda,Arachnida,Araneae,Salticidae,Menemerus,SNIB,SNIB/CONABIO valid taxonomy:menemerus menemerus bivittatus,1,1,Insumos/APFF Playa Delfines/PlayaDelfines_SNIB.xlsx,,,,,,,,source_authority_resolved,source_traceable
SP-000396,APFFPD,Área de Protección de Flora y Fauna Playa Delfines,metopium brownei,Metopium brownei,species,Plantae,Tracheophyta,Magnoliopsida,Sapindales,Anacardiaceae,,Naturalista,Naturalista/iNaturalist taxonomy:209947,1,1,Insumos/APFF Playa Delfines/PlayaDelfines_Naturalista.xlsx,,,,,,,,source_authority_resolved,source_traceable
SP-000398,APFFPD,Área de Protección de Flora y Fauna Playa Delfines,mimus mimus gilvus,Mimus Mimus gilvus,species,Animalia,Chordata,Aves,Passeriformes,Mimidae,Mimus,SNIB,SNIB/CONABIO valid taxonomy:mimus mimus gilvus,289,137,Insumos/APFF Playa Delfines/PlayaDelfines_SNIB.xlsx,,Preocupación menor (LC),,,,,possible_cross_source_duplicate; coordinate_uncertainty_gt_10km,source_authority_resolved,source_traceable
SP-000397,APFFPD,Área de Protección de Flora y Fauna Playa Delfines,mimus gilvus,Mimus gilvus,SPECIES,Animalia,Chordata,Aves,Passeriformes,Mimidae,Mimus,GBIF; Naturalista,GBIF Backbone:5231676.0; Naturalista/iNaturalist taxonomy:14884,128,54,Insumos/APFF Playa Delfines/PlayaDelfines_GBIF.xlsx; Insumos/APFF Playa Delfines/PlayaDelfines_Naturalista.xlsx,,,,,,,possible_cross_source_duplicate,source_authority_resolved,source_traceable
SP-000399,APFFPD,Área de Protección de Flora y Fauna Playa Delfines,misumenini,Misumenini,,Animalia,Arthropoda,Arachnida,Araneae,Thomisidae,,Naturalista,Naturalista/iNaturalist taxonomy:1472438,1,1,Insumos/APFF Playa Delfines/PlayaDelfines_Naturalista.xlsx,,,,,,,,source_authority_resolved,source_traceable
SP-000400,APFFPD,Área de Protección de Flora y Fauna Playa Delfines,mniotilta mniotilta varia,Mniotilta Mniotilta varia,species,Animalia,Chordata,Aves,Passeriformes,Parulidae,Mniotilta,SNIB,SNIB/CONABIO valid taxonomy:mniotilta mniotilta varia,20,16,Insumos/APFF Playa Delfines/PlayaDelfines_SNIB.xlsx,,Preocupación menor (LC),,,,,possible_cross_source_duplicate,source_authority_resolved,source_traceable
SP-000401,APFFPD,Área de Protección de Flora y Fauna Playa Delfines,mniotilta varia,Mniotilta varia,SPECIES,Animalia,Chordata,Aves,Passeriformes,Parulidae,Mniotilta,GBIF,GBIF Backbone:2489613.0,12,8,Insumos/APFF Playa Delfines/PlayaDelfines_GBIF.xlsx,,,,,,,possible_cross_source_duplicate,source_authority_resolved,source_traceable
SP-000403,APFFPD,Área de Protección de Flora y Fauna Playa Delfines,molothrus molothrus aeneus,Molothrus Molothrus aeneus,species,Animalia,Chordata,Aves,Passeriformes,Icteridae,Molothrus,SNIB,SNIB/CONABIO valid taxonomy:molothrus molothrus aeneus,16,12,Insumos/APFF Playa Delfines/PlayaDelfines_SNIB.xlsx,,Preocupación menor (LC),,,,,possible_cross_source_duplicate,source_authority_resolved,source_traceable
SP-000402,APFFPD,Área de Protección de Flora y Fauna Playa Delfines,molothrus aeneus,Molothrus aeneus,SPECIES,Animalia,Chordata,Aves,Passeriformes,Icteridae,Molothrus,GBIF,GBIF Backbone:2484404.0,14,8,Insumos/APFF Playa Delfines/PlayaDelfines_GBIF.xlsx,,,,,,,possible_cross_source_duplicate,source_authority_resolved,source_traceable
SP-000405,APFFPD,Área de Protección de Flora y Fauna Playa Delfines,muntingia muntingia calabura,Muntingia Muntingia calabura,species,Plantae,Tracheophyta,Magnoliopsida,Malvales,Muntingiaceae,Muntingia,SNIB,SNIB/CONABIO valid taxonomy:muntingia muntingia calabura,4,4,Insumos/APFF Playa Delfines/PlayaDelfines_SNIB.xlsx,,Preocupación menor (LC),,,,,,source_authority_resolved,source_traceable
SP-000404,APFFPD,Área de Protección de Flora y Fauna Playa Delfines,muntingia calabura,Muntingia calabura,SPECIES,Plantae,Tracheophyta,Magnoliopsida,Malvales,Muntingiaceae,Muntingia,GBIF; Naturalista,GBIF Backbone:3152036.0; Naturalista/iNaturalist taxonomy:165586,3,3,Insumos/APFF Playa Delfines/PlayaDelfines_GBIF.xlsx; Insumos/APFF Playa Delfines/PlayaDelfines_Naturalista.xlsx,,,,,,,,source_authority_resolved,source_traceable
SP-000407,APFFPD,Área de Protección de Flora y Fauna Playa Delfines,mycteria mycteria americana,Mycteria Mycteria americana,species,Animalia,Chordata,Aves,Ciconiiformes,Ciconiidae,Mycteria,SNIB,SNIB/CONABIO valid taxonomy:mycteria mycteria americana,1,1,Insumos/APFF Playa Delfines/PlayaDelfines_SNIB.xlsx,Sujeta a protección especial (Pr),Preocupación menor (LC),,,,,,source_authority_resolved,source_traceable
SP-000406,APFFPD,Área de Protección de Flora y Fauna Playa Delfines,mycteria americana,Mycteria americana,SPECIES,Animalia,Chordata,Aves,Ciconiiformes,Ciconiidae,Mycteria,GBIF,GBIF Backbone:2481937.0,1,1,Insumos/APFF Playa Delfines/PlayaDelfines_GBIF.xlsx,,,,,,,,source_authority_resolved,source_traceable
SP-000408,APFFPD,Área de Protección de Flora y Fauna Playa Delfines,myiarchus,Myiarchus,,Animalia,Chordata,Aves,Passeriformes,Tyrannidae,Myiarchus,SNIB,SNIB/CONABIO valid taxonomy:myiarchus,1,1,Insumos/APFF Playa Delfines/PlayaDelfines_SNIB.xlsx,,,,,,,,source_authority_resolved,source_traceable
SP-000410,APFFPD,Área de Protección de Flora y Fauna Playa Delfines,myiarchus myiarchus crinitus,Myiarchus Myiarchus crinitus,species,Animalia,Chordata,Aves,Passeriformes,Tyrannidae,Myiarchus,SNIB,SNIB/CONABIO valid taxonomy:myiarchus myiarchus crinitus,1,1,Insumos/APFF Playa Delfines/PlayaDelfines_SNIB.xlsx,,Preocupación menor (LC),,,,,,source_authority_resolved,source_traceable
SP-000411,APFFPD,Área de Protección de Flora y Fauna Playa Delfines,myiarchus myiarchus tuberculifer,Myiarchus Myiarchus tuberculifer,species,Animalia,Chordata,Aves,Passeriformes,Tyrannidae,Myiarchus,SNIB,SNIB/CONABIO valid taxonomy:myiarchus myiarchus tuberculifer,3,3,Insumos/APFF Playa Delfines/PlayaDelfines_SNIB.xlsx,,Preocupación menor (LC),,,,,,source_authority_resolved,source_traceable
SP-000412,APFFPD,Área de Protección de Flora y Fauna Playa Delfines,myiarchus myiarchus tyrannulus,Myiarchus Myiarchus tyrannulus,species,Animalia,Chordata,Aves,Passeriformes,Tyrannidae,Myiarchus,SNIB,SNIB/CONABIO valid taxonomy:myiarchus myiarchus tyrannulus,9,8,Insumos/APFF Playa Delfines/PlayaDelfines_SNIB.xlsx,,Preocupación menor (LC),,,,,possible_cross_source_duplicate,source_authority_resolved,source_traceable
SP-000413,APFFPD,Área de Protección de Flora y Fauna Playa Delfines,myiarchus myiarchus yucatanensis,Myiarchus Myiarchus yucatanensis,species,Animalia,Chordata,Aves,Passeriformes,Tyrannidae,Myiarchus,SNIB,SNIB/CONABIO valid taxonomy:myiarchus myiarchus yucatanensis,4,4,Insumos/APFF Playa Delfines/PlayaDelfines_SNIB.xlsx,,Preocupación menor (LC),,,Cuasiendémica,,,source_authority_resolved,source_traceable
SP-000409,APFFPD,Área de Protección de Flora y Fauna Playa Delfines,myiarchus crinitus,Myiarchus crinitus,SPECIES,Animalia,Chordata,Aves,Passeriformes,Tyrannidae,Myiarchus,GBIF,GBIF Backbone:2483597.0,1,1,Insumos/APFF Playa Delfines/PlayaDelfines_GBIF.xlsx,,,,,,,,source_authority_resolved,source_traceable
SP-000414,APFFPD,Área de Protección de Flora y Fauna Playa Delfines,myiarchus tuberculifer,Myiarchus tuberculifer,SPECIES,Animalia,Chordata,Aves,Passeriformes,Tyrannidae,Myiarchus,GBIF,GBIF Backbone:2483531.0,3,2,Insumos/APFF Playa Delfines/PlayaDelfines_GBIF.xlsx,,,,,,,possible_cross_source_duplicate,source_authority_resolved,source_traceable
SP-000415,APFFPD,Área de Protección de Flora y Fauna Playa Delfines,myiarchus tyrannulus,Myiarchus tyrannulus,SPECIES,Animalia,Chordata,Aves,Passeriformes,Tyrannidae,Myiarchus,GBIF,GBIF Backbone:2483589.0,2,2,Insumos/APFF Playa Delfines/PlayaDelfines_GBIF.xlsx,,,,,,,,source_authority_resolved,source_traceable
SP-000416,APFFPD,Área de Protección de Flora y Fauna Playa Delfines,myiarchus yucatanensis,Myiarchus yucatanensis,SPECIES,Animalia,Chordata,Aves,Passeriformes,Tyrannidae,Myiarchus,GBIF,GBIF Backbone:2483553.0,5,4,Insumos/APFF Playa Delfines/PlayaDelfines_GBIF.xlsx,,,,,,,possible_cross_source_duplicate,source_authority_resolved,source_traceable
SP-000417,APFFPD,Área de Protección de Flora y Fauna Playa Delfines,myiozetetes myiozetetes similis,Myiozetetes Myiozetetes similis,species,Animalia,Chordata,Aves,Passeriformes,Tyrannidae,Myiozetetes,SNIB,SNIB/CONABIO valid taxonomy:myiozetetes myiozetetes similis,94,56,Insumos/APFF Playa Delfines/PlayaDelfines_SNIB.xlsx,,Preocupación menor (LC),,,,,possible_cross_source_duplicate,source_authority_resolved,source_traceable
SP-000418,APFFPD,Área de Protección de Flora y Fauna Playa Delfines,myiozetetes similis,Myiozetetes similis,SPECIES,Animalia,Chordata,Aves,Passeriformes,Tyrannidae,Myiozetetes,GBIF,GBIF Backbone:2482913.0,57,26,Insumos/APFF Playa Delfines/PlayaDelfines_GBIF.xlsx,,,,,,,possible_cross_source_duplicate,source_authority_resolved,source_traceable
SP-000419,APFFPD,Área de Protección de Flora y Fauna Playa Delfines,myrmecophila myrmecophila christinae,Myrmecophila Myrmecophila christinae,species,Plantae,Tracheophyta,Magnoliopsida,Asparagales,Orchidaceae,Myrmecophila,SNIB,SNIB/CONABIO valid taxonomy:myrmecophila myrmecophila christinae,1,1,Insumos/APFF Playa Delfines/PlayaDelfines_SNIB.xlsx,,,"Apéndice II (Publicado en CITES 2022 como Orchidaceae spp., familia ascendente de este taxón.)",,,,,source_authority_resolved,source_traceable
SP-000420,APFFPD,Área de Protección de Flora y Fauna Playa Delfines,nannopterum nannopterum auritum,Nannopterum Nannopterum auritum,species,Animalia,Chordata,Aves,Suliformes,Phalacrocoracidae,Nannopterum,SNIB,SNIB/CONABIO valid taxonomy:nannopterum nannopterum auritum,48,35,Insumos/APFF Playa Delfines/PlayaDelfines_SNIB.xlsx,,Preocupación menor (LC),,,,,possible_cross_source_duplicate,source_authority_resolved,source_traceable
SP-000421,APFFPD,Área de Protección de Flora y Fauna Playa Delfines,nannopterum nannopterum brasilianum,Nannopterum Nannopterum brasilianum,species,Animalia,Chordata,Aves,Suliformes,Phalacrocoracidae,Nannopterum,SNIB,SNIB/CONABIO valid taxonomy:nannopterum nannopterum brasilianum,27,24,Insumos/APFF Playa Delfines/PlayaDelfines_SNIB.xlsx,,Preocupación menor (LC),,,,,possible_cross_source_duplicate,source_authority_resolved,source_traceable
SP-000422,APFFPD,Área de Protección de Flora y Fauna Playa Delfines,nannotrigona perilampoides,Nannotrigona perilampoides,species,Animalia,Arthropoda,Insecta,Hymenoptera,Apidae,,Naturalista,Naturalista/iNaturalist taxonomy:270991,1,1,Insumos/APFF Playa Delfines/PlayaDelfines_Naturalista.xlsx,,,,,,,,source_authority_resolved,source_traceable
SP-000423,APFFPD,Área de Protección de Flora y Fauna Playa Delfines,nyctanassa nyctanassa violacea,Nyctanassa Nyctanassa violacea,species,Animalia,Chordata,Aves,Pelecaniformes,Ardeidae,Nyctanassa,SNIB,SNIB/CONABIO valid taxonomy:nyctanassa nyctanassa violacea,7,7,Insumos/APFF Playa Delfines/PlayaDelfines_SNIB.xlsx,,Preocupación menor (LC),,,,,,source_authority_resolved,source_traceable
SP-000424,APFFPD,Área de Protección de Flora y Fauna Playa Delfines,nyctanassa violacea,Nyctanassa violacea,SPECIES,Animalia,Chordata,Aves,Pelecaniformes,Ardeidae,Nyctanassa,GBIF,GBIF Backbone:2480953.0,3,3,Insumos/APFF Playa Delfines/PlayaDelfines_GBIF.xlsx,,,,,,,,source_authority_resolved,source_traceable
SP-000426,APFFPD,Área de Protección de Flora y Fauna Playa Delfines,nycticorax nycticorax nycticorax,Nycticorax Nycticorax nycticorax,species,Animalia,Chordata,Aves,Pelecaniformes,Ardeidae,Nycticorax,SNIB,SNIB/CONABIO valid taxonomy:nycticorax nycticorax nycticorax,4,4,Insumos/APFF Playa Delfines/PlayaDelfines_SNIB.xlsx,,Preocupación menor (LC),,,,,,source_authority_resolved,source_traceable
SP-000425,APFFPD,Área de Protección de Flora y Fauna Playa Delfines,nycticorax nycticorax,Nycticorax nycticorax,SPECIES,Animalia,Chordata,Aves,Pelecaniformes,Ardeidae,Nycticorax,GBIF,GBIF Backbone:2480863.0,2,2,Insumos/APFF Playa Delfines/PlayaDelfines_GBIF.xlsx,,,,,,,,source_authority_resolved,source_traceable
SP-000427,APFFPD,Área de Protección de Flora y Fauna Playa Delfines,nyctidromus nyctidromus albicollis,Nyctidromus Nyctidromus albicollis,species,Animalia,Chordata,Aves,Caprimulgiformes,Caprimulgidae,Nyctidromus,SNIB,SNIB/CONABIO valid taxonomy:nyctidromus nyctidromus albicollis,2,1,Insumos/APFF Playa Delfines/PlayaDelfines_SNIB.xlsx,,Preocupación menor (LC),,,,,possible_cross_source_duplicate,source_authority_resolved,source_traceable
SP-000428,APFFPD,Área de Protección de Flora y Fauna Playa Delfines,oestroidea,Oestroidea,,Animalia,Arthropoda,Insecta,Diptera,,,Naturalista,Naturalista/iNaturalist taxonomy:356157,1,1,Insumos/APFF Playa Delfines/PlayaDelfines_Naturalista.xlsx,,,,,,,,source_authority_resolved,source_traceable
SP-000430,APFFPD,Área de Protección de Flora y Fauna Playa Delfines,onychoprion onychoprion anaethetus,Onychoprion Onychoprion anaethetus,species,Animalia,Chordata,Aves,Charadriiformes,Laridae,Onychoprion,SNIB,SNIB/CONABIO valid taxonomy:onychoprion onychoprion anaethetus,1,1,Insumos/APFF Playa Delfines/PlayaDelfines_SNIB.xlsx,,Preocupación menor (LC),,,,,,source_authority_resolved,source_traceable
SP-000429,APFFPD,Área de Protección de Flora y Fauna Playa Delfines,onychoprion anaethetus,Onychoprion anaethetus,SPECIES,Animalia,Chordata,Aves,Charadriiformes,Laridae,Onychoprion,GBIF,GBIF Backbone:5789286.0,1,1,Insumos/APFF Playa Delfines/PlayaDelfines_GBIF.xlsx,,,,,,,,source_authority_resolved,source_traceable
SP-000432,APFFPD,Área de Protección de Flora y Fauna Playa Delfines,opuntia opuntia stricta,Opuntia Opuntia stricta,species,Plantae,Tracheophyta,Magnoliopsida,Caryophyllales,Cactaceae,Opuntia,SNIB,SNIB/CONABIO valid taxonomy:opuntia opuntia stricta,2,2,Insumos/APFF Playa Delfines/PlayaDelfines_SNIB.xlsx,,Preocupación menor (LC),Apéndice II (Publicado en CITES 2022 como Opuntia dillenii y Opuntia stricta (ver relaciones de sinonimia). Ambos en apénidice II.),,,,,source_authority_resolved,source_traceable
SP-000431,APFFPD,Área de Protección de Flora y Fauna Playa Delfines,opuntia dillenii,Opuntia dillenii,SPECIES,Plantae,Tracheophyta,Magnoliopsida,Caryophyllales,Cactaceae,Opuntia,GBIF,GBIF Backbone:6378623.0,1,1,Insumos/APFF Playa Delfines/PlayaDelfines_GBIF.xlsx,,,,,,,,source_authority_resolved,source_traceable
SP-000433,APFFPD,Área de Protección de Flora y Fauna Playa Delfines,opuntia stricta,Opuntia stricta,SPECIES,Plantae,Tracheophyta,Magnoliopsida,Caryophyllales,Cactaceae,Opuntia,GBIF,GBIF Backbone:5384075.0,1,1,Insumos/APFF Playa Delfines/PlayaDelfines_GBIF.xlsx,,,,,,,,source_authority_resolved,source_traceable
SP-000434,APFFPD,Área de Protección de Flora y Fauna Playa Delfines,ortalis ortalis vetula,Ortalis Ortalis vetula,species,Animalia,Chordata,Aves,Galliformes,Cracidae,Ortalis,SNIB,SNIB/CONABIO valid taxonomy:ortalis ortalis vetula,30,25,Insumos/APFF Playa Delfines/PlayaDelfines_SNIB.xlsx,,Preocupación menor (LC),Apéndice III (Guatemala y Honduras listaron a la especie Ortalis vetula.),,,,possible_cross_source_duplicate,source_authority_resolved,source_traceable
SP-000435,APFFPD,Área de Protección de Flora y Fauna Playa Delfines,ortalis vetula,Ortalis vetula,SPECIES,Animalia,Chordata,Aves,Galliformes,Cracidae,Ortalis,GBIF,GBIF Backbone:5229429.0,23,16,Insumos/APFF Playa Delfines/PlayaDelfines_GBIF.xlsx,,,,,,,possible_cross_source_duplicate,source_authority_resolved,source_traceable
SP-000437,APFFPD,Área de Protección de Flora y Fauna Playa Delfines,pachyramphus pachyramphus aglaiae,Pachyramphus Pachyramphus aglaiae,species,Animalia,Chordata,Aves,Passeriformes,Tityridae,Pachyramphus,SNIB,SNIB/CONABIO valid taxonomy:pachyramphus pachyramphus aglaiae,2,2,Insumos/APFF Playa Delfines/PlayaDelfines_SNIB.xlsx,,Preocupación menor (LC),,,,,,source_authority_resolved,source_traceable
SP-000436,APFFPD,Área de Protección de Flora y Fauna Playa Delfines,pachyramphus aglaiae,Pachyramphus aglaiae,SPECIES,Animalia,Chordata,Aves,Passeriformes,Cotingidae,Pachyramphus,GBIF,GBIF Backbone:5230329.0,1,1,Insumos/APFF Playa Delfines/PlayaDelfines_GBIF.xlsx,,,,,,,,source_authority_resolved,source_traceable
SP-000438,APFFPD,Área de Protección de Flora y Fauna Playa Delfines,pachysylvia pachysylvia decurtata,Pachysylvia Pachysylvia decurtata,species,Animalia,Chordata,Aves,Passeriformes,Vireonidae,Pachysylvia,SNIB,SNIB/CONABIO valid taxonomy:pachysylvia pachysylvia decurtata,1,1,Insumos/APFF Playa Delfines/PlayaDelfines_SNIB.xlsx,Sujeta a protección especial (Pr),Preocupación menor (LC),,,,,,source_authority_resolved,source_traceable
SP-000439,APFFPD,Área de Protección de Flora y Fauna Playa Delfines,palisada palisada corallopsis,Palisada Palisada corallopsis,species,Plantae,Rhodophyta,Florideophyceae,Ceramiales,Rhodomelaceae,Palisada,SNIB,SNIB/CONABIO valid taxonomy:palisada palisada corallopsis,2,1,Insumos/APFF Playa Delfines/PlayaDelfines_SNIB.xlsx,,,,,,,possible_cross_source_duplicate,source_authority_resolved,source_traceable
SP-000440,APFFPD,Área de Protección de Flora y Fauna Playa Delfines,palpita flegia,Palpita flegia,species,Animalia,Arthropoda,Insecta,Lepidoptera,Crambidae,,Naturalista,Naturalista/iNaturalist taxonomy:311319,1,1,Insumos/APFF Playa Delfines/PlayaDelfines_Naturalista.xlsx,,,,,,,,source_authority_resolved,source_traceable
SP-000442,APFFPD,Área de Protección de Flora y Fauna Playa Delfines,pampa pampa curvipennis,Pampa Pampa curvipennis,species,Animalia,Chordata,Aves,Apodiformes,Trochilidae,Pampa,SNIB,SNIB/CONABIO valid taxonomy:pampa pampa curvipennis,5,4,Insumos/APFF Playa Delfines/PlayaDelfines_SNIB.xlsx,,Preocupación menor (LC),Apéndice II (Publicado en CITES 2022 como Campylopterus curvipennis (ver relaciones de sinonimia).),,,,possible_cross_source_duplicate,source_authority_resolved,source_traceable
SP-000443,APFFPD,Área de Protección de Flora y Fauna Playa Delfines,pampa pampa curvipennis pampa subespecie,Pampa Pampa curvipennis pampa subespecie,species,Animalia,Chordata,Aves,Apodiformes,Trochilidae,Pampa,SNIB,SNIB/CONABIO valid taxonomy:pampa pampa curvipennis pampa subespecie,2,1,Insumos/APFF Playa Delfines/PlayaDelfines_SNIB.xlsx,,Preocupación menor (LC),Apéndice II,,,,possible_cross_source_duplicate,source_authority_resolved,source_traceable
SP-000441,APFFPD,Área de Protección de Flora y Fauna Playa Delfines,pampa curvipennis,Pampa curvipennis,SPECIES,Animalia,Chordata,Aves,Apodiformes,Trochilidae,Pampa,GBIF,GBIF Backbone:10972295.0,6,4,Insumos/APFF Playa Delfines/PlayaDelfines_GBIF.xlsx,,,,,,,possible_cross_source_duplicate,source_authority_resolved,source_traceable
SP-000445,APFFPD,Área de Protección de Flora y Fauna Playa Delfines,pandion pandion haliaetus,Pandion Pandion haliaetus,species,Animalia,Chordata,Aves,Accipitriformes,Pandionidae,Pandion,SNIB,SNIB/CONABIO valid taxonomy:pandion pandion haliaetus,75,48,Insumos/APFF Playa Delfines/PlayaDelfines_SNIB.xlsx,,Preocupación menor (LC),Apéndice II,DOF 2014,,,possible_cross_source_duplicate,source_authority_resolved,source_traceable
SP-000446,APFFPD,Área de Protección de Flora y Fauna Playa Delfines,pandion pandion haliaetus carolinensis subespecie,Pandion Pandion haliaetus carolinensis subespecie,species,Animalia,Chordata,Aves,Accipitriformes,Pandionidae,Pandion,SNIB,SNIB/CONABIO valid taxonomy:pandion pandion haliaetus carolinensis subespecie,3,3,Insumos/APFF Playa Delfines/PlayaDelfines_SNIB.xlsx,,Preocupación menor (LC),Apéndice II,DOF 2014,,,,source_authority_resolved,source_traceable
SP-000447,APFFPD,Área de Protección de Flora y Fauna Playa Delfines,pandion pandion haliaetus ridgwayi subespecie,Pandion Pandion haliaetus ridgwayi subespecie,species,Animalia,Chordata,Aves,Accipitriformes,Pandionidae,Pandion,SNIB,SNIB/CONABIO valid taxonomy:pandion pandion haliaetus ridgwayi subespecie,2,2,Insumos/APFF Playa Delfines/PlayaDelfines_SNIB.xlsx,,Preocupación menor (LC),Apéndice II,DOF 2014,,,,source_authority_resolved,source_traceable
SP-000444,APFFPD,Área de Protección de Flora y Fauna Playa Delfines,pandion haliaetus,Pandion haliaetus,SPECIES,Animalia,Chordata,Aves,Accipitriformes,Pandionidae,Pandion,GBIF,GBIF Backbone:2480726.0,17,16,Insumos/APFF Playa Delfines/PlayaDelfines_GBIF.xlsx,,,,,,,possible_cross_source_duplicate,source_authority_resolved,source_traceable
SP-000448,APFFPD,Área de Protección de Flora y Fauna Playa Delfines,panicum amarum,Panicum amarum,species,Plantae,Tracheophyta,Liliopsida,Poales,Poaceae,,Naturalista,Naturalista/iNaturalist taxonomy:166067,1,1,Insumos/APFF Playa Delfines/PlayaDelfines_Naturalista.xlsx,,,,,,,,source_authority_resolved,source_traceable
SP-000449,APFFPD,Área de Protección de Flora y Fauna Playa Delfines,panoquina panoquina evansi,Panoquina Panoquina evansi,species,Animalia,Arthropoda,Insecta,Lepidoptera,Hesperiidae,Panoquina,SNIB,SNIB/CONABIO valid taxonomy:panoquina panoquina evansi,1,1,Insumos/APFF Playa Delfines/PlayaDelfines_SNIB.xlsx,,,,,,,,source_authority_resolved,source_traceable
SP-000452,APFFPD,Área de Protección de Flora y Fauna Playa Delfines,parkesia parkesia motacilla,Parkesia Parkesia motacilla,species,Animalia,Chordata,Aves,Passeriformes,Parulidae,Parkesia,SNIB,SNIB/CONABIO valid taxonomy:parkesia parkesia motacilla,3,3,Insumos/APFF Playa Delfines/PlayaDelfines_SNIB.xlsx,,Preocupación menor (LC),,,,,,source_authority_resolved,source_traceable
SP-000453,APFFPD,Área de Protección de Flora y Fauna Playa Delfines,parkesia parkesia noveboracensis,Parkesia Parkesia noveboracensis,species,Animalia,Chordata,Aves,Passeriformes,Parulidae,Parkesia,SNIB,SNIB/CONABIO valid taxonomy:parkesia parkesia noveboracensis,42,31,Insumos/APFF Playa Delfines/PlayaDelfines_SNIB.xlsx,,Preocupación menor (LC),,,,,possible_cross_source_duplicate,source_authority_resolved,source_traceable
SP-000450,APFFPD,Área de Protección de Flora y Fauna Playa Delfines,parkesia motacilla,Parkesia motacilla,SPECIES,Animalia,Chordata,Aves,Passeriformes,Parulidae,Parkesia,GBIF,GBIF Backbone:6093862.0,2,2,Insumos/APFF Playa Delfines/PlayaDelfines_GBIF.xlsx,,,,,,,,source_authority_resolved,source_traceable
SP-000451,APFFPD,Área de Protección de Flora y Fauna Playa Delfines,parkesia noveboracensis,Parkesia noveboracensis,SPECIES,Animalia,Chordata,Aves,Passeriformes,Parulidae,Parkesia,GBIF,GBIF Backbone:6093856.0,27,17,Insumos/APFF Playa Delfines/PlayaDelfines_GBIF.xlsx,,,,,,,possible_cross_source_duplicate,source_authority_resolved,source_traceable
SP-000454,APFFPD,Área de Protección de Flora y Fauna Playa Delfines,passerculus passerculus sandwichensis,Passerculus Passerculus sandwichensis,species,Animalia,Chordata,Aves,Passeriformes,Passerellidae,Passerculus,SNIB,SNIB/CONABIO valid taxonomy:passerculus passerculus sandwichensis,5,4,Insumos/APFF Playa Delfines/PlayaDelfines_SNIB.xlsx,,"Preocupación menor (LC) (En IUCN Red List 2025-1 con categoría LC, como Passerculus sandwichensis y Passerculus guttatus (ver Anotación al taxón).)",,,,,possible_cross_source_duplicate,source_authority_resolved,source_traceable
SP-000455,APFFPD,Área de Protección de Flora y Fauna Playa Delfines,passerculus sandwichensis,Passerculus sandwichensis,SPECIES,Animalia,Chordata,Aves,Passeriformes,Passerellidae,Passerculus,GBIF,GBIF Backbone:5231142.0,3,3,Insumos/APFF Playa Delfines/PlayaDelfines_GBIF.xlsx,,,,,,,,source_authority_resolved,source_traceable
SP-000459,APFFPD,Área de Protección de Flora y Fauna Playa Delfines,passerina passerina caerulea,Passerina Passerina caerulea,species,Animalia,Chordata,Aves,Passeriformes,Cardinalidae,Passerina,SNIB,SNIB/CONABIO valid taxonomy:passerina passerina caerulea,9,8,Insumos/APFF Playa Delfines/PlayaDelfines_SNIB.xlsx,,Preocupación menor (LC),,,,,possible_cross_source_duplicate,source_authority_resolved,source_traceable
SP-000460,APFFPD,Área de Protección de Flora y Fauna Playa Delfines,passerina passerina ciris,Passerina Passerina ciris,species,Animalia,Chordata,Aves,Passeriformes,Cardinalidae,Passerina,SNIB,SNIB/CONABIO valid taxonomy:passerina passerina ciris,26,17,Insumos/APFF Playa Delfines/PlayaDelfines_SNIB.xlsx,Sujeta a protección especial (Pr),Preocupación menor (LC),,,,,possible_cross_source_duplicate,source_authority_resolved,source_traceable
SP-000461,APFFPD,Área de Protección de Flora y Fauna Playa Delfines,passerina passerina cyanea,Passerina Passerina cyanea,species,Animalia,Chordata,Aves,Passeriformes,Cardinalidae,Passerina,SNIB,SNIB/CONABIO valid taxonomy:passerina passerina cyanea,30,21,Insumos/APFF Playa Delfines/PlayaDelfines_SNIB.xlsx,,Preocupación menor (LC),,,,,possible_cross_source_duplicate,source_authority_resolved,source_traceable
SP-000456,APFFPD,Área de Protección de Flora y Fauna Playa Delfines,passerina caerulea,Passerina caerulea,SPECIES,Animalia,Chordata,Aves,Passeriformes,Cardinalidae,Passerina,GBIF,GBIF Backbone:5230862.0,7,5,Insumos/APFF Playa Delfines/PlayaDelfines_GBIF.xlsx,,,,,,,possible_cross_source_duplicate,source_authority_resolved,source_traceable
SP-000457,APFFPD,Área de Protección de Flora y Fauna Playa Delfines,passerina ciris,Passerina ciris,SPECIES,Animalia,Chordata,Aves,Passeriformes,Cardinalidae,Passerina,GBIF,GBIF Backbone:5230852.0,20,12,Insumos/APFF Playa Delfines/PlayaDelfines_GBIF.xlsx,,,,,,,possible_cross_source_duplicate,source_authority_resolved,source_traceable
SP-000458,APFFPD,Área de Protección de Flora y Fauna Playa Delfines,passerina cyanea,Passerina cyanea,SPECIES,Animalia,Chordata,Aves,Passeriformes,Cardinalidae,Passerina,GBIF,GBIF Backbone:2490327.0,23,15,Insumos/APFF Playa Delfines/PlayaDelfines_GBIF.xlsx,,,,,,,possible_cross_source_duplicate,source_authority_resolved,source_traceable
SP-000463,APFFPD,Área de Protección de Flora y Fauna Playa Delfines,passiflora passiflora ciliata,Passiflora Passiflora ciliata,species,Plantae,Tracheophyta,Magnoliopsida,Malpighiales,Passifloraceae,Passiflora,SNIB,SNIB/CONABIO valid taxonomy:passiflora passiflora ciliata,3,3,Insumos/APFF Playa Delfines/PlayaDelfines_SNIB.xlsx,,,,,,,,source_authority_resolved,source_traceable
SP-000462,APFFPD,Área de Protección de Flora y Fauna Playa Delfines,passiflora ciliata,Passiflora ciliata,SPECIES,Plantae,Tracheophyta,Magnoliopsida,Malpighiales,Passifloraceae,Passiflora,GBIF; Naturalista,GBIF Backbone:2874182.0; Naturalista/iNaturalist taxonomy:166205,2,2,Insumos/APFF Playa Delfines/PlayaDelfines_GBIF.xlsx; Insumos/APFF Playa Delfines/PlayaDelfines_Naturalista.xlsx,,,,,,,,source_authority_resolved,source_traceable
SP-000466,APFFPD,Área de Protección de Flora y Fauna Playa Delfines,patagioenas patagioenas flavirostris,Patagioenas Patagioenas flavirostris,species,Animalia,Chordata,Aves,Columbiformes,Columbidae,Patagioenas,SNIB,SNIB/CONABIO valid taxonomy:patagioenas patagioenas flavirostris,3,3,Insumos/APFF Playa Delfines/PlayaDelfines_SNIB.xlsx,,Preocupación menor (LC),,,,,,source_authority_resolved,source_traceable
SP-000467,APFFPD,Área de Protección de Flora y Fauna Playa Delfines,patagioenas patagioenas leucocephala,Patagioenas Patagioenas leucocephala,species,Animalia,Chordata,Aves,Columbiformes,Columbidae,Patagioenas,SNIB,SNIB/CONABIO valid taxonomy:patagioenas patagioenas leucocephala,2,2,Insumos/APFF Playa Delfines/PlayaDelfines_SNIB.xlsx,Amenazada (A),Casi amenazado (NT),,,,,,source_authority_resolved,source_traceable
SP-000464,APFFPD,Área de Protección de Flora y Fauna Playa Delfines,patagioenas flavirostris,Patagioenas flavirostris,SPECIES,Animalia,Chordata,Aves,Columbiformes,Columbidae,Patagioenas,GBIF,GBIF Backbone:2495303.0,1,1,Insumos/APFF Playa Delfines/PlayaDelfines_GBIF.xlsx,,,,,,,,source_authority_resolved,source_traceable
SP-000465,APFFPD,Área de Protección de Flora y Fauna Playa Delfines,patagioenas leucocephala,Patagioenas leucocephala,SPECIES,Animalia,Chordata,Aves,Columbiformes,Columbidae,Patagioenas,GBIF,GBIF Backbone:2495310.0,3,2,Insumos/APFF Playa Delfines/PlayaDelfines_GBIF.xlsx,,,,,,,possible_cross_source_duplicate,source_authority_resolved,source_traceable
SP-000469,APFFPD,Área de Protección de Flora y Fauna Playa Delfines,pelecanus pelecanus erythrorhynchos,Pelecanus Pelecanus erythrorhynchos,species,Animalia,Chordata,Aves,Pelecaniformes,Pelecanidae,Pelecanus,SNIB,SNIB/CONABIO valid taxonomy:pelecanus pelecanus erythrorhynchos,1,1,Insumos/APFF Playa Delfines/PlayaDelfines_SNIB.xlsx,,Preocupación menor (LC),,,,,,source_authority_resolved,source_traceable
SP-000470,APFFPD,Área de Protección de Flora y Fauna Playa Delfines,pelecanus pelecanus occidentalis,Pelecanus Pelecanus occidentalis,species,Animalia,Chordata,Aves,Pelecaniformes,Pelecanidae,Pelecanus,SNIB,SNIB/CONABIO valid taxonomy:pelecanus pelecanus occidentalis,321,153,Insumos/APFF Playa Delfines/PlayaDelfines_SNIB.xlsx,,Preocupación menor (LC),,,,,possible_cross_source_duplicate,source_authority_resolved,source_traceable
SP-000471,APFFPD,Área de Protección de Flora y Fauna Playa Delfines,pelecanus pelecanus occidentalis carolinensis subespecie,Pelecanus Pelecanus occidentalis carolinensis subespecie,species,Animalia,Chordata,Aves,Pelecaniformes,Pelecanidae,Pelecanus,SNIB,SNIB/CONABIO valid taxonomy:pelecanus pelecanus occidentalis carolinensis subespecie,1,1,Insumos/APFF Playa Delfines/PlayaDelfines_SNIB.xlsx,,Preocupación menor (LC),,,,,,source_authority_resolved,source_traceable
SP-000468,APFFPD,Área de Protección de Flora y Fauna Playa Delfines,pelecanus occidentalis,Pelecanus occidentalis,SPECIES,Animalia,Chordata,Aves,Pelecaniformes,Pelecanidae,Pelecanus,GBIF; Naturalista,GBIF Backbone:5229158.0; Naturalista/iNaturalist taxonomy:4328,52,35,Insumos/APFF Playa Delfines/PlayaDelfines_GBIF.xlsx; Insumos/APFF Playa Delfines/PlayaDelfines_Naturalista.xlsx,,,,,,,possible_cross_source_duplicate,source_authority_resolved,source_traceable
SP-000472,APFFPD,Área de Protección de Flora y Fauna Playa Delfines,penicillium link 1809,"Penicillium Link, 1809",GENUS,Fungi,Ascomycota,Eurotiomycetes,Eurotiales,Aspergillaceae,Penicillium,GBIF,GBIF Backbone:7635114,1,1,Insumos/APFF Playa Delfines/PlayaDelfines_GBIF.xlsx,,,,,,,,source_authority_resolved,source_traceable
SP-000473,APFFPD,Área de Protección de Flora y Fauna Playa Delfines,penicillium penicillium citrinum,Penicillium Penicillium citrinum,species,Fungi,Ascomycota,Eurotiomycetes,Eurotiales,Trichocomaceae,Penicillium,SNIB,SNIB/CONABIO valid taxonomy:penicillium penicillium citrinum,1,1,Insumos/APFF Playa Delfines/PlayaDelfines_SNIB.xlsx,,,,,,,,source_authority_resolved,source_traceable
SP-000474,APFFPD,Área de Protección de Flora y Fauna Playa Delfines,penicillus penicillus dumetosus,Penicillus Penicillus dumetosus,species,Plantae,Chlorophyta,Ulvophyceae,Bryopsidales,Udoteaceae,Penicillus,SNIB,SNIB/CONABIO valid taxonomy:penicillus penicillus dumetosus,1,1,Insumos/APFF Playa Delfines/PlayaDelfines_SNIB.xlsx,,,,,,,,source_authority_resolved,source_traceable
SP-000475,APFFPD,Área de Protección de Flora y Fauna Playa Delfines,penicillus penicillus lamourouxii,Penicillus Penicillus lamourouxii,species,Plantae,Chlorophyta,Ulvophyceae,Bryopsidales,Udoteaceae,Penicillus,SNIB,SNIB/CONABIO valid taxonomy:penicillus penicillus lamourouxii,1,1,Insumos/APFF Playa Delfines/PlayaDelfines_SNIB.xlsx,,,,,,,,source_authority_resolved,source_traceable
SP-000476,APFFPD,Área de Protección de Flora y Fauna Playa Delfines,penicillus penicillus pyriformis,Penicillus Penicillus pyriformis,species,Plantae,Chlorophyta,Ulvophyceae,Bryopsidales,Udoteaceae,Penicillus,SNIB,SNIB/CONABIO valid taxonomy:penicillus penicillus pyriformis,1,1,Insumos/APFF Playa Delfines/PlayaDelfines_SNIB.xlsx,,,,,,,,source_authority_resolved,source_traceable
SP-000477,APFFPD,Área de Protección de Flora y Fauna Playa Delfines,periplaneta periplaneta americana,Periplaneta Periplaneta americana,species,Animalia,Arthropoda,Insecta,Blattodea,Blattidae,Periplaneta,SNIB,SNIB/CONABIO valid taxonomy:periplaneta periplaneta americana,1,1,Insumos/APFF Playa Delfines/PlayaDelfines_SNIB.xlsx,,,,,,Exótica,,source_authority_resolved,source_traceable
SP-000478,APFFPD,Área de Protección de Flora y Fauna Playa Delfines,phalacrocorax auritus,Phalacrocorax auritus,SPECIES,Animalia,Chordata,Aves,Suliformes,Phalacrocoracidae,Phalacrocorax,GBIF,GBIF Backbone:2481875.0,19,15,Insumos/APFF Playa Delfines/PlayaDelfines_GBIF.xlsx,,,,,,,possible_cross_source_duplicate,source_authority_resolved,source_traceable
SP-000479,APFFPD,Área de Protección de Flora y Fauna Playa Delfines,phalacrocorax brasilianus,Phalacrocorax brasilianus,SPECIES,Animalia,Chordata,Aves,Suliformes,Phalacrocoracidae,Phalacrocorax,GBIF,GBIF Backbone:9399113.0,12,11,Insumos/APFF Playa Delfines/PlayaDelfines_GBIF.xlsx,,,,,,,possible_cross_source_duplicate,source_authority_resolved,source_traceable
SP-000481,APFFPD,Área de Protección de Flora y Fauna Playa Delfines,pheucticus pheucticus ludovicianus,Pheucticus Pheucticus ludovicianus,species,Animalia,Chordata,Aves,Passeriformes,Cardinalidae,Pheucticus,SNIB,SNIB/CONABIO valid taxonomy:pheucticus pheucticus ludovicianus,4,4,Insumos/APFF Playa Delfines/PlayaDelfines_SNIB.xlsx,,Preocupación menor (LC),,,,,,source_authority_resolved,source_traceable
SP-000480,APFFPD,Área de Protección de Flora y Fauna Playa Delfines,pheucticus ludovicianus,Pheucticus ludovicianus,SPECIES,Animalia,Chordata,Aves,Passeriformes,Cardinalidae,Pheucticus,GBIF,GBIF Backbone:2490494.0,3,3,Insumos/APFF Playa Delfines/PlayaDelfines_GBIF.xlsx,,,,,,,,source_authority_resolved,source_traceable
SP-000483,APFFPD,Área de Protección de Flora y Fauna Playa Delfines,pheugopedius pheugopedius maculipectus,Pheugopedius Pheugopedius maculipectus,species,Animalia,Chordata,Aves,Passeriformes,Troglodytidae,Pheugopedius,SNIB,SNIB/CONABIO valid taxonomy:pheugopedius pheugopedius maculipectus,9,6,Insumos/APFF Playa Delfines/PlayaDelfines_SNIB.xlsx,,Preocupación menor (LC),,,,,possible_cross_source_duplicate,source_authority_resolved,source_traceable
SP-000482,APFFPD,Área de Protección de Flora y Fauna Playa Delfines,pheugopedius maculipectus,Pheugopedius maculipectus,SPECIES,Animalia,Chordata,Aves,Passeriformes,Troglodytidae,Pheugopedius,GBIF,GBIF Backbone:7341132.0,7,5,Insumos/APFF Playa Delfines/PlayaDelfines_GBIF.xlsx,,,,,,,possible_cross_source_duplicate,source_authority_resolved,source_traceable
SP-000484,APFFPD,Área de Protección de Flora y Fauna Playa Delfines,phocides phocides belus,Phocides Phocides belus,species,Animalia,Arthropoda,Insecta,Lepidoptera,Hesperiidae,Phocides,SNIB,SNIB/CONABIO valid taxonomy:phocides phocides belus,1,1,Insumos/APFF Playa Delfines/PlayaDelfines_SNIB.xlsx,,,,,,,,source_authority_resolved,source_traceable
SP-000485,APFFPD,Área de Protección de Flora y Fauna Playa Delfines,phoenicopterus phoenicopterus ruber,Phoenicopterus Phoenicopterus ruber,species,Animalia,Chordata,Aves,Phoenicopteriformes,Phoenicopteridae,Phoenicopterus,SNIB,SNIB/CONABIO valid taxonomy:phoenicopterus phoenicopterus ruber,5,3,Insumos/APFF Playa Delfines/PlayaDelfines_SNIB.xlsx,Amenazada (A),Preocupación menor (LC),Apéndice II,DOF 2014,,,possible_cross_source_duplicate,source_authority_resolved,source_traceable
SP-000486,APFFPD,Área de Protección de Flora y Fauna Playa Delfines,phoenicopterus ruber,Phoenicopterus ruber,SPECIES,Animalia,Chordata,Aves,Phoenicopteriformes,Phoenicopteridae,Phoenicopterus,GBIF,GBIF Backbone:9691034.0,3,1,Insumos/APFF Playa Delfines/PlayaDelfines_GBIF.xlsx,,,,,,,possible_cross_source_duplicate,source_authority_resolved,source_traceable
SP-000487,APFFPD,Área de Protección de Flora y Fauna Playa Delfines,piaya piaya cayana,Piaya Piaya cayana,species,Animalia,Chordata,Aves,Cuculiformes,Cuculidae,Piaya,SNIB,SNIB/CONABIO valid taxonomy:piaya piaya cayana,5,4,Insumos/APFF Playa Delfines/PlayaDelfines_SNIB.xlsx,,Preocupación menor (LC),,,,,possible_cross_source_duplicate,source_authority_resolved,source_traceable
SP-000489,APFFPD,Área de Protección de Flora y Fauna Playa Delfines,piranga piranga olivacea,Piranga Piranga olivacea,species,Animalia,Chordata,Aves,Passeriformes,Cardinalidae,Piranga,SNIB,SNIB/CONABIO valid taxonomy:piranga piranga olivacea,2,2,Insumos/APFF Playa Delfines/PlayaDelfines_SNIB.xlsx,,Preocupación menor (LC),,,,,,source_authority_resolved,source_traceable
SP-000490,APFFPD,Área de Protección de Flora y Fauna Playa Delfines,piranga piranga rubra,Piranga Piranga rubra,species,Animalia,Chordata,Aves,Passeriformes,Cardinalidae,Piranga,SNIB,SNIB/CONABIO valid taxonomy:piranga piranga rubra,8,8,Insumos/APFF Playa Delfines/PlayaDelfines_SNIB.xlsx,,Preocupación menor (LC),,,,,,source_authority_resolved,source_traceable
SP-000488,APFFPD,Área de Protección de Flora y Fauna Playa Delfines,piranga olivacea,Piranga olivacea,SPECIES,Animalia,Chordata,Aves,Passeriformes,Cardinalidae,Piranga,GBIF,GBIF Backbone:2488517.0,2,2,Insumos/APFF Playa Delfines/PlayaDelfines_GBIF.xlsx,,,,,,,,source_authority_resolved,source_traceable
SP-000491,APFFPD,Área de Protección de Flora y Fauna Playa Delfines,piranga rubra,Piranga rubra,SPECIES,Animalia,Chordata,Aves,Passeriformes,Cardinalidae,Piranga,GBIF,GBIF Backbone:2488485.0,3,3,Insumos/APFF Playa Delfines/PlayaDelfines_GBIF.xlsx,,,,,,,,source_authority_resolved,source_traceable
SP-000492,APFFPD,Área de Protección de Flora y Fauna Playa Delfines,pitangus pitangus sulphuratus,Pitangus Pitangus sulphuratus,species,Animalia,Chordata,Aves,Passeriformes,Tyrannidae,Pitangus,SNIB,SNIB/CONABIO valid taxonomy:pitangus pitangus sulphuratus,127,65,Insumos/APFF Playa Delfines/PlayaDelfines_SNIB.xlsx,,Preocupación menor (LC),,,,,possible_cross_source_duplicate,source_authority_resolved,source_traceable
SP-000493,APFFPD,Área de Protección de Flora y Fauna Playa Delfines,pitangus sulphuratus,Pitangus sulphuratus,SPECIES,Animalia,Chordata,Aves,Passeriformes,Tyrannidae,Pitangus,GBIF,GBIF Backbone:2482755.0,71,28,Insumos/APFF Playa Delfines/PlayaDelfines_GBIF.xlsx,,,,,,,possible_cross_source_duplicate,source_authority_resolved,source_traceable
SP-000495,APFFPD,Área de Protección de Flora y Fauna Playa Delfines,pithecellobium pithecellobium keyense,Pithecellobium Pithecellobium keyense,species,Plantae,Tracheophyta,Magnoliopsida,Fabales,Fabaceae,Pithecellobium,SNIB,SNIB/CONABIO valid taxonomy:pithecellobium pithecellobium keyense,1,1,Insumos/APFF Playa Delfines/PlayaDelfines_SNIB.xlsx,,Preocupación menor (LC),,,,,,source_authority_resolved,source_traceable
SP-000494,APFFPD,Área de Protección de Flora y Fauna Playa Delfines,pithecellobium keyense,Pithecellobium keyense,SPECIES,Plantae,Tracheophyta,Magnoliopsida,Fabales,Fabaceae,Pithecellobium,GBIF,GBIF Backbone:8167972.0,1,1,Insumos/APFF Playa Delfines/PlayaDelfines_GBIF.xlsx,,,,,,,,source_authority_resolved,source_traceable
SP-000497,APFFPD,Área de Protección de Flora y Fauna Playa Delfines,platalea platalea ajaja,Platalea Platalea ajaja,species,Animalia,Chordata,Aves,Pelecaniformes,Threskiornithidae,Platalea,SNIB,SNIB/CONABIO valid taxonomy:platalea platalea ajaja,7,5,Insumos/APFF Playa Delfines/PlayaDelfines_SNIB.xlsx,,Preocupación menor (LC),,DOF 2014,,,possible_cross_source_duplicate,source_authority_resolved,source_traceable
SP-000496,APFFPD,Área de Protección de Flora y Fauna Playa Delfines,platalea ajaja,Platalea ajaja,SPECIES,Animalia,Chordata,Aves,Pelecaniformes,Threskiornithidae,Platalea,GBIF,GBIF Backbone:2480803.0,2,2,Insumos/APFF Playa Delfines/PlayaDelfines_GBIF.xlsx,,,,,,,,source_authority_resolved,source_traceable
SP-000499,APFFPD,Área de Protección de Flora y Fauna Playa Delfines,plegadis plegadis falcinellus,Plegadis Plegadis falcinellus,species,Animalia,Chordata,Aves,Pelecaniformes,Threskiornithidae,Plegadis,SNIB,SNIB/CONABIO valid taxonomy:plegadis plegadis falcinellus,4,4,Insumos/APFF Playa Delfines/PlayaDelfines_SNIB.xlsx,,Preocupación menor (LC),,,,,,source_authority_resolved,source_traceable
SP-000498,APFFPD,Área de Protección de Flora y Fauna Playa Delfines,plegadis falcinellus,Plegadis falcinellus,SPECIES,Animalia,Chordata,Aves,Pelecaniformes,Threskiornithidae,Plegadis,GBIF,GBIF Backbone:2480773.0,1,1,Insumos/APFF Playa Delfines/PlayaDelfines_GBIF.xlsx,,,,,,,,source_authority_resolved,source_traceable
SP-000500,APFFPD,Área de Protección de Flora y Fauna Playa Delfines,plicatula plicatula gibbosa,Plicatula Plicatula gibbosa,species,Animalia,Mollusca,Bivalvia,Pectinida,Plicatulidae,Plicatula,SNIB,SNIB/CONABIO valid taxonomy:plicatula plicatula gibbosa,2,2,Insumos/APFF Playa Delfines/PlayaDelfines_SNIB.xlsx,,,,,,,,source_authority_resolved,source_traceable
SP-000501,APFFPD,Área de Protección de Flora y Fauna Playa Delfines,pluvialis pluvialis squatarola,Pluvialis Pluvialis squatarola,species,Animalia,Chordata,Aves,Charadriiformes,Charadriidae,Pluvialis,SNIB,SNIB/CONABIO valid taxonomy:pluvialis pluvialis squatarola,25,19,Insumos/APFF Playa Delfines/PlayaDelfines_SNIB.xlsx,,Vulnerable (VU),,,,,possible_cross_source_duplicate,source_authority_resolved,source_traceable
SP-000502,APFFPD,Área de Protección de Flora y Fauna Playa Delfines,pluvialis squatarola,Pluvialis squatarola,SPECIES,Animalia,Chordata,Aves,Charadriiformes,Charadriidae,Pluvialis,GBIF,GBIF Backbone:2480327.0,11,8,Insumos/APFF Playa Delfines/PlayaDelfines_GBIF.xlsx,,,,,,,possible_cross_source_duplicate,source_authority_resolved,source_traceable
SP-000503,APFFPD,Área de Protección de Flora y Fauna Playa Delfines,poaceae,Poaceae,,Plantae,Tracheophyta,Liliopsida,Poales,Poaceae,,Naturalista,Naturalista/iNaturalist taxonomy:47434,3,3,Insumos/APFF Playa Delfines/PlayaDelfines_Naturalista.xlsx,,,,,,,,source_authority_resolved,source_traceable
SP-000504,APFFPD,Área de Protección de Flora y Fauna Playa Delfines,podilymbus podilymbus podiceps,Podilymbus Podilymbus podiceps,species,Animalia,Chordata,Aves,Podicipediformes,Podicipedidae,Podilymbus,SNIB,SNIB/CONABIO valid taxonomy:podilymbus podilymbus podiceps,2,2,Insumos/APFF Playa Delfines/PlayaDelfines_SNIB.xlsx,,Preocupación menor (LC),,,,,,source_authority_resolved,source_traceable
SP-000506,APFFPD,Área de Protección de Flora y Fauna Playa Delfines,polioptila polioptila bilineata,Polioptila Polioptila bilineata,species,Animalia,Chordata,Aves,Passeriformes,Polioptilidae,Polioptila,SNIB,SNIB/CONABIO valid taxonomy:polioptila polioptila bilineata,1,1,Insumos/APFF Playa Delfines/PlayaDelfines_SNIB.xlsx,Sujeta a protección especial (Pr) (Publicado en NOM-059-SEMARNAT 2010-Mod. Anexo Normativo III 2019 como Polioptila plumbea (ver Anotación al taxón).),Preocupación menor (LC) (En IUCN Red List 2025-1 como Polioptila plumbea (ver Anotación al taxón).),,,,,,source_authority_resolved,source_traceable
SP-000505,APFFPD,Área de Protección de Flora y Fauna Playa Delfines,polioptila plumbea,Polioptila plumbea,SPECIES,Animalia,Chordata,Aves,Passeriformes,Polioptilidae,Polioptila,GBIF,GBIF Backbone:2487583.0,2,1,Insumos/APFF Playa Delfines/PlayaDelfines_GBIF.xlsx,,,,,,,possible_cross_source_duplicate,source_authority_resolved,source_traceable
SP-000507,APFFPD,Área de Protección de Flora y Fauna Playa Delfines,polysiphonia polysiphonia atlantica,Polysiphonia Polysiphonia atlantica,species,Plantae,Rhodophyta,Florideophyceae,Ceramiales,Rhodomelaceae,Polysiphonia,SNIB,SNIB/CONABIO valid taxonomy:polysiphonia polysiphonia atlantica,1,1,Insumos/APFF Playa Delfines/PlayaDelfines_SNIB.xlsx,,,,,,,,source_authority_resolved,source_traceable
SP-000508,APFFPD,Área de Protección de Flora y Fauna Playa Delfines,polysiphonia polysiphonia howei,Polysiphonia Polysiphonia howei,species,Plantae,Rhodophyta,Florideophyceae,Ceramiales,Rhodomelaceae,Polysiphonia,SNIB,SNIB/CONABIO valid taxonomy:polysiphonia polysiphonia howei,1,1,Insumos/APFF Playa Delfines/PlayaDelfines_SNIB.xlsx,,,,,,,,source_authority_resolved,source_traceable
SP-000509,APFFPD,Área de Protección de Flora y Fauna Playa Delfines,portulaca portulaca oleracea,Portulaca Portulaca oleracea,species,Plantae,Tracheophyta,Magnoliopsida,Caryophyllales,Portulacaceae,Portulaca,SNIB,SNIB/CONABIO valid taxonomy:portulaca portulaca oleracea,1,1,Insumos/APFF Playa Delfines/PlayaDelfines_SNIB.xlsx,,,,,,Exótica,,source_authority_resolved,source_traceable
SP-000510,APFFPD,Área de Protección de Flora y Fauna Playa Delfines,portunus portunus sayi,Portunus Portunus sayi,species,Animalia,Arthropoda,Malacostraca,Decapoda,Portunidae,Portunus,SNIB,SNIB/CONABIO valid taxonomy:portunus portunus sayi,1,1,Insumos/APFF Playa Delfines/PlayaDelfines_SNIB.xlsx,,,,,,,,source_authority_resolved,source_traceable
SP-000511,APFFPD,Área de Protección de Flora y Fauna Playa Delfines,progne,Progne,,Animalia,Chordata,Aves,Passeriformes,Hirundinidae,Progne,SNIB,SNIB/CONABIO valid taxonomy:progne,1,1,Insumos/APFF Playa Delfines/PlayaDelfines_SNIB.xlsx,,,,,,,,source_authority_resolved,source_traceable
SP-000513,APFFPD,Área de Protección de Flora y Fauna Playa Delfines,progne progne chalybea,Progne Progne chalybea,species,Animalia,Chordata,Aves,Passeriformes,Hirundinidae,Progne,SNIB,SNIB/CONABIO valid taxonomy:progne progne chalybea,5,4,Insumos/APFF Playa Delfines/PlayaDelfines_SNIB.xlsx,,Preocupación menor (LC),,,,,possible_cross_source_duplicate,source_authority_resolved,source_traceable
SP-000514,APFFPD,Área de Protección de Flora y Fauna Playa Delfines,progne progne subis,Progne Progne subis,species,Animalia,Chordata,Aves,Passeriformes,Hirundinidae,Progne,SNIB,SNIB/CONABIO valid taxonomy:progne progne subis,5,5,Insumos/APFF Playa Delfines/PlayaDelfines_SNIB.xlsx,,Preocupación menor (LC),,,,,,source_authority_resolved,source_traceable
SP-000512,APFFPD,Área de Protección de Flora y Fauna Playa Delfines,progne chalybea,Progne chalybea,SPECIES,Animalia,Chordata,Aves,Passeriformes,Hirundinidae,Progne,GBIF,GBIF Backbone:2489133.0,3,2,Insumos/APFF Playa Delfines/PlayaDelfines_GBIF.xlsx,,,,,,,possible_cross_source_duplicate,source_authority_resolved,source_traceable
SP-000515,APFFPD,Área de Protección de Flora y Fauna Playa Delfines,progne subis,Progne subis,SPECIES,Animalia,Chordata,Aves,Passeriformes,Hirundinidae,Progne,GBIF,GBIF Backbone:2489129.0,2,1,Insumos/APFF Playa Delfines/PlayaDelfines_GBIF.xlsx,,,,,,,possible_cross_source_duplicate,source_authority_resolved,source_traceable
SP-000516,APFFPD,Área de Protección de Flora y Fauna Playa Delfines,prosapia,Prosapia,,Animalia,Arthropoda,Insecta,Hemiptera,Ischnorhinidae,,Naturalista,Naturalista/iNaturalist taxonomy:126292,1,1,Insumos/APFF Playa Delfines/PlayaDelfines_Naturalista.xlsx,,,,,,,,source_authority_resolved,source_traceable
SP-000518,APFFPD,Área de Protección de Flora y Fauna Playa Delfines,protonotaria protonotaria citrea,Protonotaria Protonotaria citrea,species,Animalia,Chordata,Aves,Passeriformes,Parulidae,Protonotaria,SNIB,SNIB/CONABIO valid taxonomy:protonotaria protonotaria citrea,5,5,Insumos/APFF Playa Delfines/PlayaDelfines_SNIB.xlsx,,Preocupación menor (LC),,,,,,source_authority_resolved,source_traceable
SP-000517,APFFPD,Área de Protección de Flora y Fauna Playa Delfines,protonotaria citrea,Protonotaria citrea,SPECIES,Animalia,Chordata,Aves,Passeriformes,Parulidae,Protonotaria,GBIF,GBIF Backbone:2489871.0,4,3,Insumos/APFF Playa Delfines/PlayaDelfines_GBIF.xlsx,,,,,,,possible_cross_source_duplicate,source_authority_resolved,source_traceable
SP-000519,APFFPD,Área de Protección de Flora y Fauna Playa Delfines,psathyrellaceae,Psathyrellaceae,,Fungi,Basidiomycota,Agaricomycetes,Agaricales,Psathyrellaceae,,Naturalista,Naturalista/iNaturalist taxonomy:56310,2,2,Insumos/APFF Playa Delfines/PlayaDelfines_Naturalista.xlsx,,,,,,,,source_authority_resolved,source_traceable
SP-000520,APFFPD,Área de Protección de Flora y Fauna Playa Delfines,pseuderanthemum pseuderanthemum carruthersii,Pseuderanthemum Pseuderanthemum carruthersii,species,Plantae,Tracheophyta,Magnoliopsida,Lamiales,Acanthaceae,Pseuderanthemum,SNIB,SNIB/CONABIO valid taxonomy:pseuderanthemum pseuderanthemum carruthersii,1,1,Insumos/APFF Playa Delfines/PlayaDelfines_SNIB.xlsx,,,,,,Exótica,,source_authority_resolved,source_traceable
SP-000521,APFFPD,Área de Protección de Flora y Fauna Playa Delfines,pseudodiploria pseudodiploria clivosa,Pseudodiploria Pseudodiploria clivosa,species,Animalia,Cnidaria,Anthozoa,Scleractinia,Mussidae,Pseudodiploria,SNIB,SNIB/CONABIO valid taxonomy:pseudodiploria pseudodiploria clivosa,1,1,Insumos/APFF Playa Delfines/PlayaDelfines_SNIB.xlsx,,Casi amenazado (NT),Apéndice II (Publicado en CITES 2022 como Diploria clivosa (ver relaciones de sinonimia).),,,,,source_authority_resolved,source_traceable
SP-000522,APFFPD,Área de Protección de Flora y Fauna Playa Delfines,psilorhinus morio,Psilorhinus morio,SPECIES,Animalia,Chordata,Aves,Passeriformes,Corvidae,Psilorhinus,GBIF,GBIF Backbone:5229495.0,1,1,Insumos/APFF Playa Delfines/PlayaDelfines_GBIF.xlsx,,,,,,,,source_authority_resolved,source_traceable
SP-000523,APFFPD,Área de Protección de Flora y Fauna Playa Delfines,psychotria psychotria nervosa,Psychotria Psychotria nervosa,species,Plantae,Tracheophyta,Magnoliopsida,Gentianales,Rubiaceae,Psychotria,SNIB,SNIB/CONABIO valid taxonomy:psychotria psychotria nervosa,1,1,Insumos/APFF Playa Delfines/PlayaDelfines_SNIB.xlsx,,Preocupación menor (LC),,,,,,source_authority_resolved,source_traceable
SP-000524,APFFPD,Área de Protección de Flora y Fauna Playa Delfines,pterois pterois volitans,Pterois Pterois volitans,species,Animalia,Chordata,Actinopteri,Perciformes,Scorpaenidae,Pterois,SNIB,SNIB/CONABIO valid taxonomy:pterois pterois volitans,1,1,Insumos/APFF Playa Delfines/PlayaDelfines_SNIB.xlsx,,,,,,Exótica-Invasora,,source_authority_resolved,source_traceable
SP-000525,APFFPD,Área de Protección de Flora y Fauna Playa Delfines,pyrocephalus pyrocephalus rubinus,Pyrocephalus Pyrocephalus rubinus,species,Animalia,Chordata,Aves,Passeriformes,Tyrannidae,Pyrocephalus,SNIB,SNIB/CONABIO valid taxonomy:pyrocephalus pyrocephalus rubinus,4,2,Insumos/APFF Playa Delfines/PlayaDelfines_SNIB.xlsx,,Preocupación menor (LC),,,,,possible_cross_source_duplicate,source_authority_resolved,source_traceable
SP-000526,APFFPD,Área de Protección de Flora y Fauna Playa Delfines,pyrocephalus rubinus,Pyrocephalus rubinus,SPECIES,Animalia,Chordata,Aves,Passeriformes,Tyrannidae,Pyrocephalus,GBIF,GBIF Backbone:2483647.0,4,1,Insumos/APFF Playa Delfines/PlayaDelfines_GBIF.xlsx,,,,,,,possible_cross_source_duplicate,source_authority_resolved,source_traceable
SP-000528,APFFPD,Área de Protección de Flora y Fauna Playa Delfines,quiscalus quiscalus mexicanus,Quiscalus Quiscalus mexicanus,species,Animalia,Chordata,Aves,Passeriformes,Icteridae,Quiscalus,SNIB,SNIB/CONABIO valid taxonomy:quiscalus quiscalus mexicanus,416,172,Insumos/APFF Playa Delfines/PlayaDelfines_SNIB.xlsx,,Preocupación menor (LC),,,,,possible_cross_source_duplicate; coordinate_uncertainty_gt_10km,source_authority_resolved,source_traceable
SP-000527,APFFPD,Área de Protección de Flora y Fauna Playa Delfines,quiscalus mexicanus,Quiscalus mexicanus,SPECIES,Animalia,Chordata,Aves,Passeriformes,Icteridae,Quiscalus,GBIF; Naturalista,GBIF Backbone:9476062.0; Naturalista/iNaturalist taxonomy:9607,120,49,Insumos/APFF Playa Delfines/PlayaDelfines_GBIF.xlsx; Insumos/APFF Playa Delfines/PlayaDelfines_Naturalista.xlsx,,,,,,,possible_cross_source_duplicate,source_authority_resolved,source_traceable
SP-000529,APFFPD,Área de Protección de Flora y Fauna Playa Delfines,ramphastos ramphastos sulfuratus,Ramphastos Ramphastos sulfuratus,species,Animalia,Chordata,Aves,Piciformes,Ramphastidae,Ramphastos,SNIB,SNIB/CONABIO valid taxonomy:ramphastos ramphastos sulfuratus,1,1,Insumos/APFF Playa Delfines/PlayaDelfines_SNIB.xlsx,Amenazada (A),Casi amenazado (NT),Apéndice II,,,,,source_authority_resolved,source_traceable
SP-000530,APFFPD,Área de Protección de Flora y Fauna Playa Delfines,rauvolfia rauvolfia tetraphylla,Rauvolfia Rauvolfia tetraphylla,species,Plantae,Tracheophyta,Magnoliopsida,Gentianales,Apocynaceae,Rauvolfia,SNIB,SNIB/CONABIO valid taxonomy:rauvolfia rauvolfia tetraphylla,1,1,Insumos/APFF Playa Delfines/PlayaDelfines_SNIB.xlsx,,Preocupación menor (LC),,,,,,source_authority_resolved,source_traceable
SP-000532,APFFPD,Área de Protección de Flora y Fauna Playa Delfines,recurvirostra recurvirostra americana,Recurvirostra Recurvirostra americana,species,Animalia,Chordata,Aves,Charadriiformes,Recurvirostridae,Recurvirostra,SNIB,SNIB/CONABIO valid taxonomy:recurvirostra recurvirostra americana,1,1,Insumos/APFF Playa Delfines/PlayaDelfines_SNIB.xlsx,,Preocupación menor (LC),,,,,,source_authority_resolved,source_traceable
SP-000531,APFFPD,Área de Protección de Flora y Fauna Playa Delfines,recurvirostra americana,Recurvirostra americana,SPECIES,Animalia,Chordata,Aves,Charadriiformes,Recurvirostridae,Recurvirostra,GBIF,GBIF Backbone:2480258.0,1,1,Insumos/APFF Playa Delfines/PlayaDelfines_GBIF.xlsx,,,,,,,,source_authority_resolved,source_traceable
SP-000534,APFFPD,Área de Protección de Flora y Fauna Playa Delfines,rhabdadenia rhabdadenia biflora,Rhabdadenia Rhabdadenia biflora,species,Plantae,Tracheophyta,Magnoliopsida,Gentianales,Apocynaceae,Rhabdadenia,SNIB,SNIB/CONABIO valid taxonomy:rhabdadenia rhabdadenia biflora,3,3,Insumos/APFF Playa Delfines/PlayaDelfines_SNIB.xlsx,,,,,,,,source_authority_resolved,source_traceable
SP-000533,APFFPD,Área de Protección de Flora y Fauna Playa Delfines,rhabdadenia biflora,Rhabdadenia biflora,SPECIES,Plantae,Tracheophyta,Magnoliopsida,Gentianales,Apocynaceae,Rhabdadenia,GBIF,GBIF Backbone:7981652.0,2,2,Insumos/APFF Playa Delfines/PlayaDelfines_GBIF.xlsx,,,,,,,,source_authority_resolved,source_traceable
SP-000535,APFFPD,Área de Protección de Flora y Fauna Playa Delfines,rhipocephalus rhipocephalus phoenix,Rhipocephalus Rhipocephalus phoenix,species,Plantae,Chlorophyta,Ulvophyceae,Bryopsidales,Udoteaceae,Rhipocephalus,SNIB,SNIB/CONABIO valid taxonomy:rhipocephalus rhipocephalus phoenix,1,1,Insumos/APFF Playa Delfines/PlayaDelfines_SNIB.xlsx,,,,,,,,source_authority_resolved,source_traceable
SP-000537,APFFPD,Área de Protección de Flora y Fauna Playa Delfines,ricinus ricinus communis,Ricinus Ricinus communis,species,Plantae,Tracheophyta,Magnoliopsida,Malpighiales,Euphorbiaceae,Ricinus,SNIB,SNIB/CONABIO valid taxonomy:ricinus ricinus communis,1,1,Insumos/APFF Playa Delfines/PlayaDelfines_SNIB.xlsx,,,,,,Exótica-Invasora,,source_authority_resolved,source_traceable
SP-000536,APFFPD,Área de Protección de Flora y Fauna Playa Delfines,ricinus communis,Ricinus communis,species,Plantae,Tracheophyta,Magnoliopsida,Malpighiales,Euphorbiaceae,,Naturalista,Naturalista/iNaturalist taxonomy:56739,1,1,Insumos/APFF Playa Delfines/PlayaDelfines_Naturalista.xlsx,,,,,,,,source_authority_resolved,source_traceable
SP-000538,APFFPD,Área de Protección de Flora y Fauna Playa Delfines,riparia riparia riparia,Riparia Riparia riparia,species,Animalia,Chordata,Aves,Passeriformes,Hirundinidae,Riparia,SNIB,SNIB/CONABIO valid taxonomy:riparia riparia riparia,1,1,Insumos/APFF Playa Delfines/PlayaDelfines_SNIB.xlsx,,Preocupación menor (LC),,,,,,source_authority_resolved,source_traceable
SP-000540,APFFPD,Área de Protección de Flora y Fauna Playa Delfines,rivina rivina humilis,Rivina Rivina humilis,species,Plantae,Tracheophyta,Magnoliopsida,Caryophyllales,Petiveriaceae,Rivina,SNIB,SNIB/CONABIO valid taxonomy:rivina rivina humilis,3,3,Insumos/APFF Playa Delfines/PlayaDelfines_SNIB.xlsx,,,,,,,,source_authority_resolved,source_traceable
SP-000539,APFFPD,Área de Protección de Flora y Fauna Playa Delfines,rivina humilis,Rivina humilis,SPECIES,Plantae,Tracheophyta,Magnoliopsida,Caryophyllales,Phytolaccaceae,Rivina,GBIF,GBIF Backbone:3084027.0,1,1,Insumos/APFF Playa Delfines/PlayaDelfines_GBIF.xlsx,,,,,,,,source_authority_resolved,source_traceable
SP-000541,APFFPD,Área de Protección de Flora y Fauna Playa Delfines,rostrhamus rostrhamus sociabilis,Rostrhamus Rostrhamus sociabilis,species,Animalia,Chordata,Aves,Accipitriformes,Accipitridae,Rostrhamus,SNIB,SNIB/CONABIO valid taxonomy:rostrhamus rostrhamus sociabilis,3,3,Insumos/APFF Playa Delfines/PlayaDelfines_SNIB.xlsx,Sujeta a protección especial (Pr),Preocupación menor (LC),Apéndice II,,,,,source_authority_resolved,source_traceable
SP-000542,APFFPD,Área de Protección de Flora y Fauna Playa Delfines,ruellia ruellia nudiflora,Ruellia Ruellia nudiflora,species,Plantae,Tracheophyta,Magnoliopsida,Lamiales,Acanthaceae,Ruellia,SNIB,SNIB/CONABIO valid taxonomy:ruellia ruellia nudiflora,1,1,Insumos/APFF Playa Delfines/PlayaDelfines_SNIB.xlsx,,,,,,,,source_authority_resolved,source_traceable
SP-000544,APFFPD,Área de Protección de Flora y Fauna Playa Delfines,rupornis rupornis magnirostris,Rupornis Rupornis magnirostris,species,Animalia,Chordata,Aves,Accipitriformes,Accipitridae,Rupornis,SNIB,SNIB/CONABIO valid taxonomy:rupornis rupornis magnirostris,5,5,Insumos/APFF Playa Delfines/PlayaDelfines_SNIB.xlsx,,Preocupación menor (LC),Apéndice II (Publicado en CITES 2022 como Buteo magnirostris (ver relaciones de sinonimia).),,,,,source_authority_resolved,source_traceable
SP-000543,APFFPD,Área de Protección de Flora y Fauna Playa Delfines,rupornis magnirostris,Rupornis magnirostris,SPECIES,Animalia,Chordata,Aves,Accipitriformes,Accipitridae,Rupornis,GBIF,GBIF Backbone:5844398.0,5,4,Insumos/APFF Playa Delfines/PlayaDelfines_GBIF.xlsx,,,,,,,possible_cross_source_duplicate,source_authority_resolved,source_traceable
SP-000545,APFFPD,Área de Protección de Flora y Fauna Playa Delfines,rynchops rynchops niger,Rynchops Rynchops niger,species,Animalia,Chordata,Aves,Charadriiformes,Laridae,Rynchops,SNIB,SNIB/CONABIO valid taxonomy:rynchops rynchops niger,1,1,Insumos/APFF Playa Delfines/PlayaDelfines_SNIB.xlsx,,Preocupación menor (LC),,,,,,source_authority_resolved,source_traceable
SP-000548,APFFPD,Área de Protección de Flora y Fauna Playa Delfines,saltator saltator atriceps,Saltator Saltator atriceps,species,Animalia,Chordata,Aves,Passeriformes,Thraupidae,Saltator,SNIB,SNIB/CONABIO valid taxonomy:saltator saltator atriceps,2,1,Insumos/APFF Playa Delfines/PlayaDelfines_SNIB.xlsx,,Preocupación menor (LC),,,,,possible_cross_source_duplicate,source_authority_resolved,source_traceable
SP-000549,APFFPD,Área de Protección de Flora y Fauna Playa Delfines,saltator saltator grandis,Saltator Saltator grandis,species,Animalia,Chordata,Aves,Passeriformes,Thraupidae,Saltator,SNIB,SNIB/CONABIO valid taxonomy:saltator saltator grandis,4,4,Insumos/APFF Playa Delfines/PlayaDelfines_SNIB.xlsx,,Preocupación menor (LC),,,,,,source_authority_resolved,source_traceable
SP-000546,APFFPD,Área de Protección de Flora y Fauna Playa Delfines,saltator atriceps,Saltator atriceps,SPECIES,Animalia,Chordata,Aves,Passeriformes,Thraupidae,Saltator,GBIF,GBIF Backbone:5230896.0,2,1,Insumos/APFF Playa Delfines/PlayaDelfines_GBIF.xlsx,,,,,,,possible_cross_source_duplicate,source_authority_resolved,source_traceable
SP-000547,APFFPD,Área de Protección de Flora y Fauna Playa Delfines,saltator grandis,Saltator grandis,SPECIES,Animalia,Chordata,Aves,Passeriformes,Thraupidae,Saltator,GBIF,GBIF Backbone:9126320.0,1,1,Insumos/APFF Playa Delfines/PlayaDelfines_GBIF.xlsx,,,,,,,,source_authority_resolved,source_traceable
SP-000550,APFFPD,Área de Protección de Flora y Fauna Playa Delfines,salticinae,Salticinae,,Animalia,Arthropoda,Arachnida,Araneae,Salticidae,,Naturalista,Naturalista/iNaturalist taxonomy:606933,1,1,Insumos/APFF Playa Delfines/PlayaDelfines_Naturalista.xlsx,,,,,,,,source_authority_resolved,source_traceable
SP-000551,APFFPD,Área de Protección de Flora y Fauna Playa Delfines,sargassum sargassum fluitans,Sargassum Sargassum fluitans,species,Chromista,Heterokontophyta,Phaeophyceae,Fucales,Sargassaceae,Sargassum,SNIB,SNIB/CONABIO valid taxonomy:sargassum sargassum fluitans,1,1,Insumos/APFF Playa Delfines/PlayaDelfines_SNIB.xlsx,,,,,,,,source_authority_resolved,source_traceable
SP-000552,APFFPD,Área de Protección de Flora y Fauna Playa Delfines,sargassum sargassum natans,Sargassum Sargassum natans,species,Chromista,Heterokontophyta,Phaeophyceae,Fucales,Sargassaceae,Sargassum,SNIB,SNIB/CONABIO valid taxonomy:sargassum sargassum natans,1,1,Insumos/APFF Playa Delfines/PlayaDelfines_SNIB.xlsx,,,,,,,,source_authority_resolved,source_traceable
SP-000553,APFFPD,Área de Protección de Flora y Fauna Playa Delfines,sargassum sargassum vulgare,Sargassum Sargassum vulgare,species,Chromista,Heterokontophyta,Phaeophyceae,Fucales,Sargassaceae,Sargassum,SNIB,SNIB/CONABIO valid taxonomy:sargassum sargassum vulgare,1,1,Insumos/APFF Playa Delfines/PlayaDelfines_SNIB.xlsx,,,,,,,,source_authority_resolved,source_traceable
SP-000555,APFFPD,Área de Protección de Flora y Fauna Playa Delfines,sayornis sayornis phoebe,Sayornis Sayornis phoebe,species,Animalia,Chordata,Aves,Passeriformes,Tyrannidae,Sayornis,SNIB,SNIB/CONABIO valid taxonomy:sayornis sayornis phoebe,2,2,Insumos/APFF Playa Delfines/PlayaDelfines_SNIB.xlsx,,Preocupación menor (LC),,,,,,source_authority_resolved,source_traceable
SP-000554,APFFPD,Área de Protección de Flora y Fauna Playa Delfines,sayornis phoebe,Sayornis phoebe,SPECIES,Animalia,Chordata,Aves,Passeriformes,Tyrannidae,Sayornis,GBIF,GBIF Backbone:2483606.0,2,1,Insumos/APFF Playa Delfines/PlayaDelfines_GBIF.xlsx,,,,,,,possible_cross_source_duplicate,source_authority_resolved,source_traceable
SP-000556,APFFPD,Área de Protección de Flora y Fauna Playa Delfines,scaevola,Scaevola,,Plantae,Tracheophyta,Magnoliopsida,Asterales,Goodeniaceae,,Naturalista,Naturalista/iNaturalist taxonomy:48323,1,1,Insumos/APFF Playa Delfines/PlayaDelfines_Naturalista.xlsx,,,,,,,,source_authority_resolved,source_traceable
SP-000558,APFFPD,Área de Protección de Flora y Fauna Playa Delfines,scaevola scaevola plumieri,Scaevola Scaevola plumieri,species,Plantae,Tracheophyta,Magnoliopsida,Asterales,Goodeniaceae,Scaevola,SNIB,SNIB/CONABIO valid taxonomy:scaevola scaevola plumieri,2,2,Insumos/APFF Playa Delfines/PlayaDelfines_SNIB.xlsx,,Preocupación menor (LC),,,,,,source_authority_resolved,source_traceable
SP-000559,APFFPD,Área de Protección de Flora y Fauna Playa Delfines,scaevola scaevola taccada,Scaevola Scaevola taccada,species,Plantae,Tracheophyta,Magnoliopsida,Asterales,Goodeniaceae,Scaevola,SNIB,SNIB/CONABIO valid taxonomy:scaevola scaevola taccada,4,4,Insumos/APFF Playa Delfines/PlayaDelfines_SNIB.xlsx,,,,,,Exótica,,source_authority_resolved,source_traceable
SP-000557,APFFPD,Área de Protección de Flora y Fauna Playa Delfines,scaevola plumieri,Scaevola plumieri,species,Plantae,Tracheophyta,Magnoliopsida,Asterales,Goodeniaceae,Scaevola,GBIF; Naturalista,GBIF Backbone:5407597.0; Naturalista/iNaturalist taxonomy:126620,5,5,Insumos/APFF Playa Delfines/PlayaDelfines_GBIF.xlsx; Insumos/APFF Playa Delfines/PlayaDelfines_Naturalista.xlsx,,,,,,,,source_authority_resolved,source_traceable
SP-000560,APFFPD,Área de Protección de Flora y Fauna Playa Delfines,scaevola taccada,Scaevola taccada,species,Plantae,Tracheophyta,Magnoliopsida,Asterales,Goodeniaceae,,Naturalista,Naturalista/iNaturalist taxonomy:363481,1,1,Insumos/APFF Playa Delfines/PlayaDelfines_Naturalista.xlsx,,,,,,,,source_authority_resolved,source_traceable
SP-000561,APFFPD,Área de Protección de Flora y Fauna Playa Delfines,scarabaeidae,Scarabaeidae,,Animalia,Arthropoda,Insecta,Coleoptera,Scarabaeidae,,Naturalista,Naturalista/iNaturalist taxonomy:48201,1,1,Insumos/APFF Playa Delfines/PlayaDelfines_Naturalista.xlsx,,,,,,,,source_authority_resolved,source_traceable
SP-000562,APFFPD,Área de Protección de Flora y Fauna Playa Delfines,schinus,Schinus,,Plantae,Tracheophyta,Magnoliopsida,Sapindales,Anacardiaceae,,Naturalista,Naturalista/iNaturalist taxonomy:57355,1,1,Insumos/APFF Playa Delfines/PlayaDelfines_Naturalista.xlsx,,,,,,,,source_authority_resolved,source_traceable
SP-000564,APFFPD,Área de Protección de Flora y Fauna Playa Delfines,seiurus seiurus aurocapilla,Seiurus Seiurus aurocapilla,species,Animalia,Chordata,Aves,Passeriformes,Parulidae,Seiurus,SNIB,SNIB/CONABIO valid taxonomy:seiurus seiurus aurocapilla,11,8,Insumos/APFF Playa Delfines/PlayaDelfines_SNIB.xlsx,,Preocupación menor (LC),,,,,possible_cross_source_duplicate,source_authority_resolved,source_traceable
SP-000563,APFFPD,Área de Protección de Flora y Fauna Playa Delfines,seiurus aurocapilla,Seiurus aurocapilla,SPECIES,Animalia,Chordata,Aves,Passeriformes,Parulidae,Seiurus,GBIF,GBIF Backbone:2489590.0,12,8,Insumos/APFF Playa Delfines/PlayaDelfines_GBIF.xlsx,,,,,,,possible_cross_source_duplicate,source_authority_resolved,source_traceable
SP-000566,APFFPD,Área de Protección de Flora y Fauna Playa Delfines,selenicereus selenicereus grandiflorus,Selenicereus Selenicereus grandiflorus,species,Plantae,Tracheophyta,Magnoliopsida,Caryophyllales,Cactaceae,Selenicereus,SNIB,SNIB/CONABIO valid taxonomy:selenicereus selenicereus grandiflorus,2,2,Insumos/APFF Playa Delfines/PlayaDelfines_SNIB.xlsx,,Preocupación menor (LC),Apéndice II,,,,,source_authority_resolved,source_traceable
SP-000565,APFFPD,Área de Protección de Flora y Fauna Playa Delfines,selenicereus grandiflorus,Selenicereus grandiflorus,species,Plantae,Tracheophyta,Magnoliopsida,Caryophyllales,Cactaceae,Selenicereus,GBIF; Naturalista,GBIF Backbone:3084466.0; Naturalista/iNaturalist taxonomy:168776,5,5,Insumos/APFF Playa Delfines/PlayaDelfines_GBIF.xlsx; Insumos/APFF Playa Delfines/PlayaDelfines_Naturalista.xlsx,,,,,,,,source_authority_resolved,source_traceable
SP-000567,APFFPD,Área de Protección de Flora y Fauna Playa Delfines,senopterina caerulescens,Senopterina caerulescens,species,Animalia,Arthropoda,Insecta,Diptera,Platystomatidae,,Naturalista,Naturalista/iNaturalist taxonomy:497746,4,4,Insumos/APFF Playa Delfines/PlayaDelfines_Naturalista.xlsx,,,,,,,,source_authority_resolved,source_traceable
SP-000579,APFFPD,Área de Protección de Flora y Fauna Playa Delfines,setophaga setophaga americana,Setophaga Setophaga americana,species,Animalia,Chordata,Aves,Passeriformes,Parulidae,Setophaga,SNIB,SNIB/CONABIO valid taxonomy:setophaga setophaga americana,43,23,Insumos/APFF Playa Delfines/PlayaDelfines_SNIB.xlsx,,Preocupación menor (LC),,,,,possible_cross_source_duplicate,source_authority_resolved,source_traceable
SP-000580,APFFPD,Área de Protección de Flora y Fauna Playa Delfines,setophaga setophaga caerulescens,Setophaga Setophaga caerulescens,species,Animalia,Chordata,Aves,Passeriformes,Parulidae,Setophaga,SNIB,SNIB/CONABIO valid taxonomy:setophaga setophaga caerulescens,4,3,Insumos/APFF Playa Delfines/PlayaDelfines_SNIB.xlsx,,Preocupación menor (LC),,,,,possible_cross_source_duplicate,source_authority_resolved,source_traceable
SP-000581,APFFPD,Área de Protección de Flora y Fauna Playa Delfines,setophaga setophaga castanea,Setophaga Setophaga castanea,species,Animalia,Chordata,Aves,Passeriformes,Parulidae,Setophaga,SNIB,SNIB/CONABIO valid taxonomy:setophaga setophaga castanea,2,2,Insumos/APFF Playa Delfines/PlayaDelfines_SNIB.xlsx,,Preocupación menor (LC),,,,,,source_authority_resolved,source_traceable
SP-000582,APFFPD,Área de Protección de Flora y Fauna Playa Delfines,setophaga setophaga citrina,Setophaga Setophaga citrina,species,Animalia,Chordata,Aves,Passeriformes,Parulidae,Setophaga,SNIB,SNIB/CONABIO valid taxonomy:setophaga setophaga citrina,4,4,Insumos/APFF Playa Delfines/PlayaDelfines_SNIB.xlsx,,Preocupación menor (LC),,,,,,source_authority_resolved,source_traceable
SP-000583,APFFPD,Área de Protección de Flora y Fauna Playa Delfines,setophaga setophaga coronata,Setophaga Setophaga coronata,species,Animalia,Chordata,Aves,Passeriformes,Parulidae,Setophaga,SNIB,SNIB/CONABIO valid taxonomy:setophaga setophaga coronata,10,8,Insumos/APFF Playa Delfines/PlayaDelfines_SNIB.xlsx,,Preocupación menor (LC),,,,,possible_cross_source_duplicate,source_authority_resolved,source_traceable
SP-000584,APFFPD,Área de Protección de Flora y Fauna Playa Delfines,setophaga setophaga coronata coronata subespecie,Setophaga Setophaga coronata coronata subespecie,species,Animalia,Chordata,Aves,Passeriformes,Parulidae,Setophaga,SNIB,SNIB/CONABIO valid taxonomy:setophaga setophaga coronata coronata subespecie,1,1,Insumos/APFF Playa Delfines/PlayaDelfines_SNIB.xlsx,,Preocupación menor (LC),,,,,,source_authority_resolved,source_traceable
SP-000585,APFFPD,Área de Protección de Flora y Fauna Playa Delfines,setophaga setophaga discolor,Setophaga Setophaga discolor,species,Animalia,Chordata,Aves,Passeriformes,Parulidae,Setophaga,SNIB,SNIB/CONABIO valid taxonomy:setophaga setophaga discolor,16,14,Insumos/APFF Playa Delfines/PlayaDelfines_SNIB.xlsx,,Preocupación menor (LC),,,,,possible_cross_source_duplicate,source_authority_resolved,source_traceable
SP-000586,APFFPD,Área de Protección de Flora y Fauna Playa Delfines,setophaga setophaga dominica,Setophaga Setophaga dominica,species,Animalia,Chordata,Aves,Passeriformes,Parulidae,Setophaga,SNIB,SNIB/CONABIO valid taxonomy:setophaga setophaga dominica,62,41,Insumos/APFF Playa Delfines/PlayaDelfines_SNIB.xlsx,,Preocupación menor (LC),,,,,possible_cross_source_duplicate,source_authority_resolved,source_traceable
SP-000587,APFFPD,Área de Protección de Flora y Fauna Playa Delfines,setophaga setophaga dominica albilora subespecie,Setophaga Setophaga dominica albilora subespecie,species,Animalia,Chordata,Aves,Passeriformes,Parulidae,Setophaga,SNIB,SNIB/CONABIO valid taxonomy:setophaga setophaga dominica albilora subespecie,6,6,Insumos/APFF Playa Delfines/PlayaDelfines_SNIB.xlsx,,Preocupación menor (LC),,,,,,source_authority_resolved,source_traceable
SP-000588,APFFPD,Área de Protección de Flora y Fauna Playa Delfines,setophaga setophaga fusca,Setophaga Setophaga fusca,species,Animalia,Chordata,Aves,Passeriformes,Parulidae,Setophaga,SNIB,SNIB/CONABIO valid taxonomy:setophaga setophaga fusca,3,3,Insumos/APFF Playa Delfines/PlayaDelfines_SNIB.xlsx,,Preocupación menor (LC),,,,,,source_authority_resolved,source_traceable
SP-000589,APFFPD,Área de Protección de Flora y Fauna Playa Delfines,setophaga setophaga magnolia,Setophaga Setophaga magnolia,species,Animalia,Chordata,Aves,Passeriformes,Parulidae,Setophaga,SNIB,SNIB/CONABIO valid taxonomy:setophaga setophaga magnolia,18,13,Insumos/APFF Playa Delfines/PlayaDelfines_SNIB.xlsx,,Preocupación menor (LC),,,,Exótica,possible_cross_source_duplicate,source_authority_resolved,source_traceable
SP-000590,APFFPD,Área de Protección de Flora y Fauna Playa Delfines,setophaga setophaga palmarum,Setophaga Setophaga palmarum,species,Animalia,Chordata,Aves,Passeriformes,Parulidae,Setophaga,SNIB,SNIB/CONABIO valid taxonomy:setophaga setophaga palmarum,124,60,Insumos/APFF Playa Delfines/PlayaDelfines_SNIB.xlsx,,"Preocupación menor (LC) (En IUCN Red List 2025-1 con categoría LC, como Setophaga palmarum y Pachysylvia hypochrysea)",,,,,possible_cross_source_duplicate,source_authority_resolved,source_traceable
SP-000591,APFFPD,Área de Protección de Flora y Fauna Playa Delfines,setophaga setophaga palmarum palmarum subespecie,Setophaga Setophaga palmarum palmarum subespecie,species,Animalia,Chordata,Aves,Passeriformes,Parulidae,Setophaga,SNIB,SNIB/CONABIO valid taxonomy:setophaga setophaga palmarum palmarum subespecie,23,18,Insumos/APFF Playa Delfines/PlayaDelfines_SNIB.xlsx,,Preocupación menor (LC),,,,,possible_cross_source_duplicate,source_authority_resolved,source_traceable
SP-000592,APFFPD,Área de Protección de Flora y Fauna Playa Delfines,setophaga setophaga pensylvanica,Setophaga Setophaga pensylvanica,species,Animalia,Chordata,Aves,Passeriformes,Parulidae,Setophaga,SNIB,SNIB/CONABIO valid taxonomy:setophaga setophaga pensylvanica,4,3,Insumos/APFF Playa Delfines/PlayaDelfines_SNIB.xlsx,,Preocupación menor (LC),,,,,possible_cross_source_duplicate,source_authority_resolved,source_traceable
SP-000593,APFFPD,Área de Protección de Flora y Fauna Playa Delfines,setophaga setophaga petechia,Setophaga Setophaga petechia,species,Animalia,Chordata,Aves,Passeriformes,Parulidae,Setophaga,SNIB,SNIB/CONABIO valid taxonomy:setophaga setophaga petechia,121,66,Insumos/APFF Playa Delfines/PlayaDelfines_SNIB.xlsx,,Preocupación menor (LC),,,,,possible_cross_source_duplicate,source_authority_resolved,source_traceable
SP-000594,APFFPD,Área de Protección de Flora y Fauna Playa Delfines,setophaga setophaga ruticilla,Setophaga Setophaga ruticilla,species,Animalia,Chordata,Aves,Passeriformes,Parulidae,Setophaga,SNIB,SNIB/CONABIO valid taxonomy:setophaga setophaga ruticilla,43,28,Insumos/APFF Playa Delfines/PlayaDelfines_SNIB.xlsx,,Preocupación menor (LC),,,,,possible_cross_source_duplicate,source_authority_resolved,source_traceable
SP-000595,APFFPD,Área de Protección de Flora y Fauna Playa Delfines,setophaga setophaga striata,Setophaga Setophaga striata,species,Animalia,Chordata,Aves,Passeriformes,Parulidae,Setophaga,SNIB,SNIB/CONABIO valid taxonomy:setophaga setophaga striata,1,1,Insumos/APFF Playa Delfines/PlayaDelfines_SNIB.xlsx,,Casi amenazado (NT),,,,,,source_authority_resolved,source_traceable
SP-000596,APFFPD,Área de Protección de Flora y Fauna Playa Delfines,setophaga setophaga tigrina,Setophaga Setophaga tigrina,species,Animalia,Chordata,Aves,Passeriformes,Parulidae,Setophaga,SNIB,SNIB/CONABIO valid taxonomy:setophaga setophaga tigrina,2,2,Insumos/APFF Playa Delfines/PlayaDelfines_SNIB.xlsx,,Preocupación menor (LC),,,,,,source_authority_resolved,source_traceable
SP-000597,APFFPD,Área de Protección de Flora y Fauna Playa Delfines,setophaga setophaga virens,Setophaga Setophaga virens,species,Animalia,Chordata,Aves,Passeriformes,Parulidae,Setophaga,SNIB,SNIB/CONABIO valid taxonomy:setophaga setophaga virens,4,4,Insumos/APFF Playa Delfines/PlayaDelfines_SNIB.xlsx,,Preocupación menor (LC),,,,,,source_authority_resolved,source_traceable
SP-000568,APFFPD,Área de Protección de Flora y Fauna Playa Delfines,setophaga americana,Setophaga americana,SPECIES,Animalia,Chordata,Aves,Passeriformes,Parulidae,Setophaga,GBIF,GBIF Backbone:6093345.0,32,14,Insumos/APFF Playa Delfines/PlayaDelfines_GBIF.xlsx,,,,,,,possible_cross_source_duplicate,source_authority_resolved,source_traceable
SP-000569,APFFPD,Área de Protección de Flora y Fauna Playa Delfines,setophaga caerulescens,Setophaga caerulescens,SPECIES,Animalia,Chordata,Aves,Passeriformes,Parulidae,Setophaga,GBIF,GBIF Backbone:7341828.0,3,2,Insumos/APFF Playa Delfines/PlayaDelfines_GBIF.xlsx,,,,,,,possible_cross_source_duplicate,source_authority_resolved,source_traceable
SP-000570,APFFPD,Área de Protección de Flora y Fauna Playa Delfines,setophaga castanea,Setophaga castanea,SPECIES,Animalia,Chordata,Aves,Passeriformes,Parulidae,Setophaga,GBIF,GBIF Backbone:6093202.0,2,2,Insumos/APFF Playa Delfines/PlayaDelfines_GBIF.xlsx,,,,,,,,source_authority_resolved,source_traceable
SP-000571,APFFPD,Área de Protección de Flora y Fauna Playa Delfines,setophaga citrina,Setophaga citrina,SPECIES,Animalia,Chordata,Aves,Passeriformes,Parulidae,Setophaga,GBIF,GBIF Backbone:6093374.0,2,2,Insumos/APFF Playa Delfines/PlayaDelfines_GBIF.xlsx,,,,,,,,source_authority_resolved,source_traceable
SP-000572,APFFPD,Área de Protección de Flora y Fauna Playa Delfines,setophaga coronata,Setophaga coronata,SPECIES,Animalia,Chordata,Aves,Passeriformes,Parulidae,Setophaga,GBIF,GBIF Backbone:7341805.0,7,5,Insumos/APFF Playa Delfines/PlayaDelfines_GBIF.xlsx,,,,,,,possible_cross_source_duplicate,source_authority_resolved,source_traceable
SP-000573,APFFPD,Área de Protección de Flora y Fauna Playa Delfines,setophaga discolor,Setophaga discolor,SPECIES,Animalia,Chordata,Aves,Passeriformes,Parulidae,Setophaga,GBIF,GBIF Backbone:7341789.0,11,10,Insumos/APFF Playa Delfines/PlayaDelfines_GBIF.xlsx,,,,,,,possible_cross_source_duplicate,source_authority_resolved,source_traceable
SP-000574,APFFPD,Área de Protección de Flora y Fauna Playa Delfines,setophaga dominica,Setophaga dominica,SPECIES,Animalia,Chordata,Aves,Passeriformes,Parulidae,Setophaga,GBIF,GBIF Backbone:7341800.0,33,20,Insumos/APFF Playa Delfines/PlayaDelfines_GBIF.xlsx,,,,,,,possible_cross_source_duplicate,source_authority_resolved,source_traceable
SP-000575,APFFPD,Área de Protección de Flora y Fauna Playa Delfines,setophaga magnolia,Setophaga magnolia,SPECIES,Animalia,Chordata,Aves,Passeriformes,Parulidae,Setophaga,GBIF,GBIF Backbone:6093209.0,10,7,Insumos/APFF Playa Delfines/PlayaDelfines_GBIF.xlsx,,,,,,,possible_cross_source_duplicate,source_authority_resolved,source_traceable
SP-000576,APFFPD,Área de Protección de Flora y Fauna Playa Delfines,setophaga palmarum,Setophaga palmarum,SPECIES,Animalia,Chordata,Aves,Passeriformes,Parulidae,Setophaga,GBIF,GBIF Backbone:7341822.0,79,32,Insumos/APFF Playa Delfines/PlayaDelfines_GBIF.xlsx,,,,,,,possible_cross_source_duplicate,source_authority_resolved,source_traceable
SP-000577,APFFPD,Área de Protección de Flora y Fauna Playa Delfines,setophaga petechia,Setophaga petechia,SPECIES,Animalia,Chordata,Aves,Passeriformes,Parulidae,Setophaga,GBIF,GBIF Backbone:7341834.0,68,30,Insumos/APFF Playa Delfines/PlayaDelfines_GBIF.xlsx,,,,,,,possible_cross_source_duplicate,source_authority_resolved,source_traceable
SP-000578,APFFPD,Área de Protección de Flora y Fauna Playa Delfines,setophaga ruticilla,Setophaga ruticilla,SPECIES,Animalia,Chordata,Aves,Passeriformes,Parulidae,Setophaga,GBIF,GBIF Backbone:2489985.0,26,12,Insumos/APFF Playa Delfines/PlayaDelfines_GBIF.xlsx,,,,,,,possible_cross_source_duplicate,source_authority_resolved,source_traceable
SP-000598,APFFPD,Área de Protección de Flora y Fauna Playa Delfines,setophaga striata,Setophaga striata,SPECIES,Animalia,Chordata,Aves,Passeriformes,Parulidae,Setophaga,GBIF,GBIF Backbone:6092935.0,1,1,Insumos/APFF Playa Delfines/PlayaDelfines_GBIF.xlsx,,,,,,,,source_authority_resolved,source_traceable
SP-000599,APFFPD,Área de Protección de Flora y Fauna Playa Delfines,sideroxylon americanum,Sideroxylon americanum,species,Plantae,Tracheophyta,Magnoliopsida,Ericales,Sapotaceae,,Naturalista,Naturalista/iNaturalist taxonomy:291960,1,1,Insumos/APFF Playa Delfines/PlayaDelfines_Naturalista.xlsx,,,,,,,,source_authority_resolved,source_traceable
SP-000600,APFFPD,Área de Protección de Flora y Fauna Playa Delfines,siproeta siproeta stelenes,Siproeta Siproeta stelenes,species,Animalia,Arthropoda,Insecta,Lepidoptera,Nymphalidae,Siproeta,SNIB,SNIB/CONABIO valid taxonomy:siproeta siproeta stelenes,1,1,Insumos/APFF Playa Delfines/PlayaDelfines_SNIB.xlsx,,,,,,,,source_authority_resolved,source_traceable
SP-000602,APFFPD,Área de Protección de Flora y Fauna Playa Delfines,solanum solanum leptostemomum donianum,Solanum Solanum (Leptostemomum) donianum,species,Plantae,Tracheophyta,Magnoliopsida,Solanales,Solanaceae,Solanum,SNIB,SNIB/CONABIO valid taxonomy:solanum solanum leptostemomum donianum,2,2,Insumos/APFF Playa Delfines/PlayaDelfines_SNIB.xlsx,,,,,,,,source_authority_resolved,source_traceable
SP-000601,APFFPD,Área de Protección de Flora y Fauna Playa Delfines,solanum donianum,Solanum donianum,species,Plantae,Tracheophyta,Magnoliopsida,Solanales,Solanaceae,Solanum,GBIF; Naturalista,GBIF Backbone:2929566.0; Naturalista/iNaturalist taxonomy:169061,3,3,Insumos/APFF Playa Delfines/PlayaDelfines_GBIF.xlsx; Insumos/APFF Playa Delfines/PlayaDelfines_Naturalista.xlsx,,,,,,,,source_authority_resolved,source_traceable
SP-000603,APFFPD,Área de Protección de Flora y Fauna Playa Delfines,solenopsis,Solenopsis,,Animalia,Arthropoda,Insecta,Hymenoptera,Formicidae,,Naturalista,Naturalista/iNaturalist taxonomy:67597,1,1,Insumos/APFF Playa Delfines/PlayaDelfines_Naturalista.xlsx,,,,,,,,source_authority_resolved,source_traceable
SP-000606,APFFPD,Área de Protección de Flora y Fauna Playa Delfines,spatula spatula clypeata,Spatula Spatula clypeata,species,Animalia,Chordata,Aves,Anseriformes,Anatidae,Spatula,SNIB,SNIB/CONABIO valid taxonomy:spatula spatula clypeata,1,1,Insumos/APFF Playa Delfines/PlayaDelfines_SNIB.xlsx,,Preocupación menor (LC),,DOF 2014,,,,source_authority_resolved,source_traceable
SP-000607,APFFPD,Área de Protección de Flora y Fauna Playa Delfines,spatula spatula discors,Spatula Spatula discors,species,Animalia,Chordata,Aves,Anseriformes,Anatidae,Spatula,SNIB,SNIB/CONABIO valid taxonomy:spatula spatula discors,12,9,Insumos/APFF Playa Delfines/PlayaDelfines_SNIB.xlsx,,Preocupación menor (LC),,DOF 2014,,,possible_cross_source_duplicate,source_authority_resolved,source_traceable
SP-000604,APFFPD,Área de Protección de Flora y Fauna Playa Delfines,spatula clypeata,Spatula clypeata,SPECIES,Animalia,Chordata,Aves,Anseriformes,Anatidae,Spatula,GBIF,GBIF Backbone:8332393.0,1,1,Insumos/APFF Playa Delfines/PlayaDelfines_GBIF.xlsx,,,,,,,,source_authority_resolved,source_traceable
SP-000605,APFFPD,Área de Protección de Flora y Fauna Playa Delfines,spatula discors,Spatula discors,SPECIES,Animalia,Chordata,Aves,Anseriformes,Anatidae,Spatula,GBIF,GBIF Backbone:9422220.0,9,6,Insumos/APFF Playa Delfines/PlayaDelfines_GBIF.xlsx,,,,,,,possible_cross_source_duplicate,source_authority_resolved,source_traceable
SP-000608,APFFPD,Área de Protección de Flora y Fauna Playa Delfines,sphyraena sphyraena barracuda,Sphyraena Sphyraena barracuda,species,Animalia,Chordata,Actinopteri,Carangiformes,Sphyraenidae,Sphyraena,SNIB,SNIB/CONABIO valid taxonomy:sphyraena sphyraena barracuda,1,1,Insumos/APFF Playa Delfines/PlayaDelfines_SNIB.xlsx,,Preocupación menor (LC),,,,,,source_authority_resolved,source_traceable
SP-000609,APFFPD,Área de Protección de Flora y Fauna Playa Delfines,sphyrapicus sphyrapicus varius,Sphyrapicus Sphyrapicus varius,species,Animalia,Chordata,Aves,Piciformes,Picidae,Sphyrapicus,SNIB,SNIB/CONABIO valid taxonomy:sphyrapicus sphyrapicus varius,7,7,Insumos/APFF Playa Delfines/PlayaDelfines_SNIB.xlsx,,Preocupación menor (LC),,,,,,source_authority_resolved,source_traceable
SP-000610,APFFPD,Área de Protección de Flora y Fauna Playa Delfines,sphyrapicus varius,Sphyrapicus varius,SPECIES,Animalia,Chordata,Aves,Piciformes,Picidae,Sphyrapicus,GBIF,GBIF Backbone:2478605.0,6,5,Insumos/APFF Playa Delfines/PlayaDelfines_GBIF.xlsx,,,,,,,possible_cross_source_duplicate,source_authority_resolved,source_traceable
SP-000612,APFFPD,Área de Protección de Flora y Fauna Playa Delfines,spiza spiza americana,Spiza Spiza americana,species,Animalia,Chordata,Aves,Passeriformes,Cardinalidae,Spiza,SNIB,SNIB/CONABIO valid taxonomy:spiza spiza americana,2,2,Insumos/APFF Playa Delfines/PlayaDelfines_SNIB.xlsx,,Preocupación menor (LC),,,,,,source_authority_resolved,source_traceable
SP-000611,APFFPD,Área de Protección de Flora y Fauna Playa Delfines,spiza americana,Spiza americana,SPECIES,Animalia,Chordata,Aves,Passeriformes,Cardinalidae,Spiza,GBIF,GBIF Backbone:2490363.0,1,1,Insumos/APFF Playa Delfines/PlayaDelfines_GBIF.xlsx,,,,,,,,source_authority_resolved,source_traceable
SP-000614,APFFPD,Área de Protección de Flora y Fauna Playa Delfines,sporophila sporophila morelleti,Sporophila Sporophila morelleti,species,Animalia,Chordata,Aves,Passeriformes,Thraupidae,Sporophila,SNIB,SNIB/CONABIO valid taxonomy:sporophila sporophila morelleti,35,17,Insumos/APFF Playa Delfines/PlayaDelfines_SNIB.xlsx,,Preocupación menor (LC),,,,,possible_cross_source_duplicate,source_authority_resolved,source_traceable
SP-000613,APFFPD,Área de Protección de Flora y Fauna Playa Delfines,sporophila morelleti,Sporophila morelleti,SPECIES,Animalia,Chordata,Aves,Passeriformes,Thraupidae,Sporophila,GBIF; Naturalista,GBIF Backbone:8986244.0; Naturalista/iNaturalist taxonomy:827413,28,14,Insumos/APFF Playa Delfines/PlayaDelfines_GBIF.xlsx; Insumos/APFF Playa Delfines/PlayaDelfines_Naturalista.xlsx,,,,,,,possible_cross_source_duplicate,source_authority_resolved,source_traceable
SP-000615,APFFPD,Área de Protección de Flora y Fauna Playa Delfines,spyridia spyridia hypnoides,Spyridia Spyridia hypnoides,species,Plantae,Rhodophyta,Florideophyceae,Ceramiales,Spyridiaceae,Spyridia,SNIB,SNIB/CONABIO valid taxonomy:spyridia spyridia hypnoides,1,1,Insumos/APFF Playa Delfines/PlayaDelfines_SNIB.xlsx,,,,,,,,source_authority_resolved,source_traceable
SP-000616,APFFPD,Área de Protección de Flora y Fauna Playa Delfines,stagmomantis,Stagmomantis,,Animalia,Arthropoda,Insecta,Mantodea,Mantidae,,Naturalista,Naturalista/iNaturalist taxonomy:82009,1,1,Insumos/APFF Playa Delfines/PlayaDelfines_Naturalista.xlsx,,,,,,,,source_authority_resolved,source_traceable
SP-000619,APFFPD,Área de Protección de Flora y Fauna Playa Delfines,sterna sterna forsteri,Sterna Sterna forsteri,species,Animalia,Chordata,Aves,Charadriiformes,Laridae,Sterna,SNIB,SNIB/CONABIO valid taxonomy:sterna sterna forsteri,5,5,Insumos/APFF Playa Delfines/PlayaDelfines_SNIB.xlsx,,Preocupación menor (LC),,,,,,source_authority_resolved,source_traceable
SP-000620,APFFPD,Área de Protección de Flora y Fauna Playa Delfines,sterna sterna hirundo,Sterna Sterna hirundo,species,Animalia,Chordata,Aves,Charadriiformes,Laridae,Sterna,SNIB,SNIB/CONABIO valid taxonomy:sterna sterna hirundo,2,2,Insumos/APFF Playa Delfines/PlayaDelfines_SNIB.xlsx,,Preocupación menor (LC),,,,,,source_authority_resolved,source_traceable
SP-000617,APFFPD,Área de Protección de Flora y Fauna Playa Delfines,sterna forsteri,Sterna forsteri,SPECIES,Animalia,Chordata,Aves,Charadriiformes,Laridae,Sterna,GBIF,GBIF Backbone:5229247.0,1,1,Insumos/APFF Playa Delfines/PlayaDelfines_GBIF.xlsx,,,,,,,,source_authority_resolved,source_traceable
SP-000618,APFFPD,Área de Protección de Flora y Fauna Playa Delfines,sterna hirundo,Sterna hirundo,SPECIES,Animalia,Chordata,Aves,Charadriiformes,Laridae,Sterna,GBIF,GBIF Backbone:9367409.0,1,1,Insumos/APFF Playa Delfines/PlayaDelfines_GBIF.xlsx,,,,,,,,source_authority_resolved,source_traceable
SP-000622,APFFPD,Área de Protección de Flora y Fauna Playa Delfines,sternula sternula antillarum,Sternula Sternula antillarum,species,Animalia,Chordata,Aves,Charadriiformes,Laridae,Sternula,SNIB,SNIB/CONABIO valid taxonomy:sternula sternula antillarum,14,12,Insumos/APFF Playa Delfines/PlayaDelfines_SNIB.xlsx,Sujeta a protección especial (Pr),Preocupación menor (LC),,,,,possible_cross_source_duplicate,source_authority_resolved,source_traceable
SP-000621,APFFPD,Área de Protección de Flora y Fauna Playa Delfines,sternula antillarum,Sternula antillarum,SPECIES,Animalia,Chordata,Aves,Charadriiformes,Laridae,Sternula,GBIF,GBIF Backbone:5789285.0,2,2,Insumos/APFF Playa Delfines/PlayaDelfines_GBIF.xlsx,,,,,,,,source_authority_resolved,source_traceable
SP-000624,APFFPD,Área de Protección de Flora y Fauna Playa Delfines,streptopelia streptopelia decaocto,Streptopelia Streptopelia decaocto,species,Animalia,Chordata,Aves,Columbiformes,Columbidae,Streptopelia,SNIB,SNIB/CONABIO valid taxonomy:streptopelia streptopelia decaocto,174,81,Insumos/APFF Playa Delfines/PlayaDelfines_SNIB.xlsx,,Preocupación menor (LC),,,,Exótica-Invasora,possible_cross_source_duplicate,source_authority_resolved,source_traceable
SP-000625,APFFPD,Área de Protección de Flora y Fauna Playa Delfines,streptopelia streptopelia decaocto decaocto subespecie,Streptopelia Streptopelia decaocto decaocto subespecie,species,Animalia,Chordata,Aves,Columbiformes,Columbidae,Streptopelia,SNIB,SNIB/CONABIO valid taxonomy:streptopelia streptopelia decaocto decaocto subespecie,1,1,Insumos/APFF Playa Delfines/PlayaDelfines_SNIB.xlsx,,Preocupación menor (LC),,,,,,source_authority_resolved,source_traceable
SP-000623,APFFPD,Área de Protección de Flora y Fauna Playa Delfines,streptopelia decaocto,Streptopelia decaocto,SPECIES,Animalia,Chordata,Aves,Columbiformes,Columbidae,Streptopelia,GBIF; Naturalista,GBIF Backbone:2495696.0; Naturalista/iNaturalist taxonomy:2969,48,25,Insumos/APFF Playa Delfines/PlayaDelfines_GBIF.xlsx; Insumos/APFF Playa Delfines/PlayaDelfines_Naturalista.xlsx,,,,,,,possible_cross_source_duplicate,source_authority_resolved,source_traceable
SP-000626,APFFPD,Área de Protección de Flora y Fauna Playa Delfines,strumpfia maritima,Strumpfia maritima,species,Plantae,Tracheophyta,Magnoliopsida,Gentianales,Rubiaceae,,Naturalista,Naturalista/iNaturalist taxonomy:169413,1,1,Insumos/APFF Playa Delfines/PlayaDelfines_Naturalista.xlsx,,,,,,,,source_authority_resolved,source_traceable
SP-000628,APFFPD,Área de Protección de Flora y Fauna Playa Delfines,suriana suriana maritima,Suriana Suriana maritima,species,Plantae,Tracheophyta,Magnoliopsida,Fabales,Surianaceae,Suriana,SNIB,SNIB/CONABIO valid taxonomy:suriana suriana maritima,8,7,Insumos/APFF Playa Delfines/PlayaDelfines_SNIB.xlsx,,Preocupación menor (LC),,,,,possible_cross_source_duplicate,source_authority_resolved,source_traceable
SP-000627,APFFPD,Área de Protección de Flora y Fauna Playa Delfines,suriana maritima,Suriana maritima,species,Plantae,Tracheophyta,Magnoliopsida,Fabales,Surianaceae,Suriana,GBIF; Naturalista,GBIF Backbone:2986073.0; Naturalista/iNaturalist taxonomy:133328,11,10,Insumos/APFF Playa Delfines/PlayaDelfines_GBIF.xlsx; Insumos/APFF Playa Delfines/PlayaDelfines_Naturalista.xlsx,,,,,,,possible_cross_source_duplicate,source_authority_resolved,source_traceable
SP-000629,APFFPD,Área de Protección de Flora y Fauna Playa Delfines,syntomeida syntomeida epilais,Syntomeida Syntomeida epilais,species,Animalia,Arthropoda,Insecta,Lepidoptera,Erebidae,Syntomeida,SNIB,SNIB/CONABIO valid taxonomy:syntomeida syntomeida epilais,3,3,Insumos/APFF Playa Delfines/PlayaDelfines_SNIB.xlsx,,,,,,,,source_authority_resolved,source_traceable
SP-000630,APFFPD,Área de Protección de Flora y Fauna Playa Delfines,tachybaptus tachybaptus dominicus,Tachybaptus Tachybaptus dominicus,species,Animalia,Chordata,Aves,Podicipediformes,Podicipedidae,Tachybaptus,SNIB,SNIB/CONABIO valid taxonomy:tachybaptus tachybaptus dominicus,1,1,Insumos/APFF Playa Delfines/PlayaDelfines_SNIB.xlsx,Sujeta a protección especial (Pr),Preocupación menor (LC),,,,,,source_authority_resolved,source_traceable
SP-000632,APFFPD,Área de Protección de Flora y Fauna Playa Delfines,tachycineta tachycineta albilinea,Tachycineta Tachycineta albilinea,species,Animalia,Chordata,Aves,Passeriformes,Hirundinidae,Tachycineta,SNIB,SNIB/CONABIO valid taxonomy:tachycineta tachycineta albilinea,18,14,Insumos/APFF Playa Delfines/PlayaDelfines_SNIB.xlsx,,Preocupación menor (LC),,,,,possible_cross_source_duplicate,source_authority_resolved,source_traceable
SP-000633,APFFPD,Área de Protección de Flora y Fauna Playa Delfines,tachycineta tachycineta bicolor,Tachycineta Tachycineta bicolor,species,Animalia,Chordata,Aves,Passeriformes,Hirundinidae,Tachycineta,SNIB,SNIB/CONABIO valid taxonomy:tachycineta tachycineta bicolor,2,2,Insumos/APFF Playa Delfines/PlayaDelfines_SNIB.xlsx,,Preocupación menor (LC),,,,,,source_authority_resolved,source_traceable
SP-000631,APFFPD,Área de Protección de Flora y Fauna Playa Delfines,tachycineta albilinea,Tachycineta albilinea,SPECIES,Animalia,Chordata,Aves,Passeriformes,Hirundinidae,Tachycineta,GBIF,GBIF Backbone:5230762.0,13,9,Insumos/APFF Playa Delfines/PlayaDelfines_GBIF.xlsx,,,,,,,possible_cross_source_duplicate,source_authority_resolved,source_traceable
SP-000634,APFFPD,Área de Protección de Flora y Fauna Playa Delfines,tellina tellina radiata,Tellina Tellina radiata,species,Animalia,Mollusca,Bivalvia,Venerida,Tellinidae,Tellina,SNIB,SNIB/CONABIO valid taxonomy:tellina tellina radiata,1,1,Insumos/APFF Playa Delfines/PlayaDelfines_SNIB.xlsx,,,,,,,,source_authority_resolved,source_traceable
SP-000635,APFFPD,Área de Protección de Flora y Fauna Playa Delfines,tenebrionidae,Tenebrionidae,,Animalia,Arthropoda,Insecta,Coleoptera,Tenebrionidae,,Naturalista,Naturalista/iNaturalist taxonomy:53816,1,1,Insumos/APFF Playa Delfines/PlayaDelfines_Naturalista.xlsx,,,,,,,,source_authority_resolved,source_traceable
SP-000638,APFFPD,Área de Protección de Flora y Fauna Playa Delfines,thalasseus thalasseus maximus,Thalasseus Thalasseus maximus,species,Animalia,Chordata,Aves,Charadriiformes,Laridae,Thalasseus,SNIB,SNIB/CONABIO valid taxonomy:thalasseus thalasseus maximus,154,83,Insumos/APFF Playa Delfines/PlayaDelfines_SNIB.xlsx,,Preocupación menor (LC),,,,,possible_cross_source_duplicate,source_authority_resolved,source_traceable
SP-000639,APFFPD,Área de Protección de Flora y Fauna Playa Delfines,thalasseus thalasseus sandvicensis,Thalasseus Thalasseus sandvicensis,species,Animalia,Chordata,Aves,Charadriiformes,Laridae,Thalasseus,SNIB,SNIB/CONABIO valid taxonomy:thalasseus thalasseus sandvicensis,48,35,Insumos/APFF Playa Delfines/PlayaDelfines_SNIB.xlsx,,Preocupación menor (LC),,,,,possible_cross_source_duplicate,source_authority_resolved,source_traceable
SP-000640,APFFPD,Área de Protección de Flora y Fauna Playa Delfines,thalasseus thalasseus sandvicensis acuflavidus subespecie,Thalasseus Thalasseus sandvicensis acuflavidus subespecie,species,Animalia,Chordata,Aves,Charadriiformes,Laridae,Thalasseus,SNIB,SNIB/CONABIO valid taxonomy:thalasseus thalasseus sandvicensis acuflavidus subespecie,4,3,Insumos/APFF Playa Delfines/PlayaDelfines_SNIB.xlsx,,Preocupación menor (LC),,,,,possible_cross_source_duplicate,source_authority_resolved,source_traceable
SP-000636,APFFPD,Área de Protección de Flora y Fauna Playa Delfines,thalasseus maximus,Thalasseus maximus,SPECIES,Animalia,Chordata,Aves,Charadriiformes,Laridae,Thalasseus,GBIF; Naturalista,GBIF Backbone:5789281.0; Naturalista/iNaturalist taxonomy:144539,21,16,Insumos/APFF Playa Delfines/PlayaDelfines_GBIF.xlsx; Insumos/APFF Playa Delfines/PlayaDelfines_Naturalista.xlsx,,,,,,,possible_cross_source_duplicate,source_authority_resolved,source_traceable
SP-000637,APFFPD,Área de Protección de Flora y Fauna Playa Delfines,thalasseus sandvicensis,Thalasseus sandvicensis,SPECIES,Animalia,Chordata,Aves,Charadriiformes,Laridae,Thalasseus,GBIF,GBIF Backbone:2481240.0,6,6,Insumos/APFF Playa Delfines/PlayaDelfines_GBIF.xlsx,,,,,,,,source_authority_resolved,source_traceable
SP-000642,APFFPD,Área de Protección de Flora y Fauna Playa Delfines,thraupis thraupis episcopus,Thraupis Thraupis episcopus,species,Animalia,Chordata,Aves,Passeriformes,Thraupidae,Thraupis,SNIB,SNIB/CONABIO valid taxonomy:thraupis thraupis episcopus,4,4,Insumos/APFF Playa Delfines/PlayaDelfines_SNIB.xlsx,,,,,,,,source_authority_resolved,source_traceable
SP-000641,APFFPD,Área de Protección de Flora y Fauna Playa Delfines,thraupis episcopus,Thraupis episcopus,SPECIES,Animalia,Chordata,Aves,Passeriformes,Thraupidae,Thraupis,GBIF,GBIF Backbone:2488602.0,1,1,Insumos/APFF Playa Delfines/PlayaDelfines_GBIF.xlsx,,,,,,,,source_authority_resolved,source_traceable
SP-000644,APFFPD,Área de Protección de Flora y Fauna Playa Delfines,thrinax thrinax radiata,Thrinax Thrinax radiata,species,Plantae,Tracheophyta,Magnoliopsida,Arecales,Arecaceae,Thrinax,SNIB,SNIB/CONABIO valid taxonomy:thrinax thrinax radiata,9,9,Insumos/APFF Playa Delfines/PlayaDelfines_SNIB.xlsx,Amenazada (A),Preocupación menor (LC),,,,,,source_authority_resolved,source_traceable
SP-000643,APFFPD,Área de Protección de Flora y Fauna Playa Delfines,thrinax radiata,Thrinax radiata,species,Plantae,Tracheophyta,Liliopsida,Arecales,Arecaceae,Thrinax,GBIF; Naturalista,GBIF Backbone:6109608.0; Naturalista/iNaturalist taxonomy:169735,8,8,Insumos/APFF Playa Delfines/PlayaDelfines_GBIF.xlsx; Insumos/APFF Playa Delfines/PlayaDelfines_Naturalista.xlsx,,,,,,,,source_authority_resolved,source_traceable
SP-000646,APFFPD,Área de Protección de Flora y Fauna Playa Delfines,tiaris tiaris olivaceus,Tiaris Tiaris olivaceus,species,Animalia,Chordata,Aves,Passeriformes,Thraupidae,Tiaris,SNIB,SNIB/CONABIO valid taxonomy:tiaris tiaris olivaceus,1,1,Insumos/APFF Playa Delfines/PlayaDelfines_SNIB.xlsx,,Preocupación menor (LC),,,,,,source_authority_resolved,source_traceable
SP-000645,APFFPD,Área de Protección de Flora y Fauna Playa Delfines,tiaris olivaceus,Tiaris olivaceus,SPECIES,Animalia,Chordata,Aves,Passeriformes,Thraupidae,Tiaris,GBIF,GBIF Backbone:5231037.0,1,1,Insumos/APFF Playa Delfines/PlayaDelfines_GBIF.xlsx,,,,,,,,source_authority_resolved,source_traceable
SP-000648,APFFPD,Área de Protección de Flora y Fauna Playa Delfines,tigrisoma tigrisoma mexicanum,Tigrisoma Tigrisoma mexicanum,species,Animalia,Chordata,Aves,Pelecaniformes,Ardeidae,Tigrisoma,SNIB,SNIB/CONABIO valid taxonomy:tigrisoma tigrisoma mexicanum,14,14,Insumos/APFF Playa Delfines/PlayaDelfines_SNIB.xlsx,Sujeta a protección especial (Pr),Preocupación menor (LC),,,,,,source_authority_resolved,source_traceable
SP-000647,APFFPD,Área de Protección de Flora y Fauna Playa Delfines,tigrisoma mexicanum,Tigrisoma mexicanum,SPECIES,Animalia,Chordata,Aves,Pelecaniformes,Ardeidae,Tigrisoma,GBIF,GBIF Backbone:2480867.0,5,5,Insumos/APFF Playa Delfines/PlayaDelfines_GBIF.xlsx,,,,,,,,source_authority_resolved,source_traceable
SP-000650,APFFPD,Área de Protección de Flora y Fauna Playa Delfines,todirostrum todirostrum cinereum,Todirostrum Todirostrum cinereum,species,Animalia,Chordata,Aves,Passeriformes,Tyrannidae,Todirostrum,SNIB,SNIB/CONABIO valid taxonomy:todirostrum todirostrum cinereum,1,1,Insumos/APFF Playa Delfines/PlayaDelfines_SNIB.xlsx,,Preocupación menor (LC),,,,,,source_authority_resolved,source_traceable
SP-000649,APFFPD,Área de Protección de Flora y Fauna Playa Delfines,todirostrum cinereum,Todirostrum cinereum,SPECIES,Animalia,Chordata,Aves,Passeriformes,Tyrannidae,Todirostrum,GBIF,GBIF Backbone:2483274.0,1,1,Insumos/APFF Playa Delfines/PlayaDelfines_GBIF.xlsx,,,,,,,,source_authority_resolved,source_traceable
SP-000651,APFFPD,Área de Protección de Flora y Fauna Playa Delfines,tomentella,Tomentella,,Fungi,Basidiomycota,Agaricomycetes,Thelephorales,Thelephoraceae,Tomentella,SNIB,SNIB/CONABIO valid taxonomy:tomentella,2,1,Insumos/APFF Playa Delfines/PlayaDelfines_SNIB.xlsx,,,,,,,possible_cross_source_duplicate,source_authority_resolved,source_traceable
SP-000652,APFFPD,Área de Protección de Flora y Fauna Playa Delfines,tomentella pers. ex pat.,Tomentella Pers. ex Pat.,GENUS,Fungi,Basidiomycota,Agaricomycetes,Thelephorales,Thelephoraceae,Tomentella,GBIF,GBIF Backbone:8171593,4,1,Insumos/APFF Playa Delfines/PlayaDelfines_GBIF.xlsx,,,,,,,possible_cross_source_duplicate,source_authority_resolved,source_traceable
SP-000654,APFFPD,Área de Protección de Flora y Fauna Playa Delfines,tournefortia tournefortia gnaphalodes,Tournefortia Tournefortia gnaphalodes,species,Plantae,Tracheophyta,Magnoliopsida,Boraginales,Heliotropiaceae,Tournefortia,SNIB,SNIB/CONABIO valid taxonomy:tournefortia tournefortia gnaphalodes,4,4,Insumos/APFF Playa Delfines/PlayaDelfines_SNIB.xlsx,,Preocupación menor (LC),,,,,,source_authority_resolved,source_traceable
SP-000653,APFFPD,Área de Protección de Flora y Fauna Playa Delfines,tournefortia gnaphalodes,Tournefortia gnaphalodes,species,Plantae,Tracheophyta,Magnoliopsida,Boraginales,Boraginaceae,Tournefortia,GBIF; Naturalista,GBIF Backbone:7714203.0; Naturalista/iNaturalist taxonomy:283216,5,5,Insumos/APFF Playa Delfines/PlayaDelfines_GBIF.xlsx; Insumos/APFF Playa Delfines/PlayaDelfines_Naturalista.xlsx,,,,,,,,source_authority_resolved,source_traceable
SP-000655,APFFPD,Área de Protección de Flora y Fauna Playa Delfines,trachemys trachemys scripta elegans subespecie,Trachemys Trachemys scripta elegans subespecie,species,Animalia,Chordata,Reptilia,Testudines,Emydidae,Trachemys,SNIB,SNIB/CONABIO valid taxonomy:trachemys trachemys scripta elegans subespecie,2,2,Insumos/APFF Playa Delfines/PlayaDelfines_SNIB.xlsx,Sujeta a protección especial (Pr),Preocupación menor (LC),,,,,,source_authority_resolved,source_traceable
SP-000656,APFFPD,Área de Protección de Flora y Fauna Playa Delfines,tracheophyta,Tracheophyta,,Plantae,Tracheophyta,,,,,Naturalista,Naturalista/iNaturalist taxonomy:211194,1,1,Insumos/APFF Playa Delfines/PlayaDelfines_Naturalista.xlsx,,,,,,,,source_authority_resolved,source_traceable
SP-000657,APFFPD,Área de Protección de Flora y Fauna Playa Delfines,trachyderes mandibularis,Trachyderes mandibularis,SPECIES,Animalia,Arthropoda,Insecta,Coleoptera,Cerambycidae,Trachyderes,GBIF,GBIF Backbone:8076777.0,1,1,Insumos/APFF Playa Delfines/PlayaDelfines_GBIF.xlsx,,,,,,,,source_authority_resolved,source_traceable
SP-000662,APFFPD,Área de Protección de Flora y Fauna Playa Delfines,tringa tringa flavipes,Tringa Tringa flavipes,species,Animalia,Chordata,Aves,Charadriiformes,Scolopacidae,Tringa,SNIB,SNIB/CONABIO valid taxonomy:tringa tringa flavipes,5,4,Insumos/APFF Playa Delfines/PlayaDelfines_SNIB.xlsx,,Vulnerable (VU),,,,,possible_cross_source_duplicate,source_authority_resolved,source_traceable
SP-000663,APFFPD,Área de Protección de Flora y Fauna Playa Delfines,tringa tringa melanoleuca,Tringa Tringa melanoleuca,species,Animalia,Chordata,Aves,Charadriiformes,Scolopacidae,Tringa,SNIB,SNIB/CONABIO valid taxonomy:tringa tringa melanoleuca,5,4,Insumos/APFF Playa Delfines/PlayaDelfines_SNIB.xlsx,,Casi amenazado (NT),,,,,possible_cross_source_duplicate,source_authority_resolved,source_traceable
SP-000664,APFFPD,Área de Protección de Flora y Fauna Playa Delfines,tringa tringa semipalmata,Tringa Tringa semipalmata,species,Animalia,Chordata,Aves,Charadriiformes,Scolopacidae,Tringa,SNIB,SNIB/CONABIO valid taxonomy:tringa tringa semipalmata,3,3,Insumos/APFF Playa Delfines/PlayaDelfines_SNIB.xlsx,,Preocupación menor (LC),,,,,,source_authority_resolved,source_traceable
SP-000665,APFFPD,Área de Protección de Flora y Fauna Playa Delfines,tringa tringa solitaria,Tringa Tringa solitaria,species,Animalia,Chordata,Aves,Charadriiformes,Scolopacidae,Tringa,SNIB,SNIB/CONABIO valid taxonomy:tringa tringa solitaria,4,3,Insumos/APFF Playa Delfines/PlayaDelfines_SNIB.xlsx,,Preocupación menor (LC),,,,,possible_cross_source_duplicate,source_authority_resolved,source_traceable
SP-000658,APFFPD,Área de Protección de Flora y Fauna Playa Delfines,tringa flavipes,Tringa flavipes,SPECIES,Animalia,Chordata,Aves,Charadriiformes,Scolopacidae,Tringa,GBIF,GBIF Backbone:2481721.0,2,2,Insumos/APFF Playa Delfines/PlayaDelfines_GBIF.xlsx,,,,,,,,source_authority_resolved,source_traceable
SP-000659,APFFPD,Área de Protección de Flora y Fauna Playa Delfines,tringa melanoleuca,Tringa melanoleuca,SPECIES,Animalia,Chordata,Aves,Charadriiformes,Scolopacidae,Tringa,GBIF,GBIF Backbone:2481720.0,3,3,Insumos/APFF Playa Delfines/PlayaDelfines_GBIF.xlsx,,,,,,,,source_authority_resolved,source_traceable
SP-000660,APFFPD,Área de Protección de Flora y Fauna Playa Delfines,tringa semipalmata,Tringa semipalmata,SPECIES,Animalia,Chordata,Aves,Charadriiformes,Scolopacidae,Tringa,GBIF,GBIF Backbone:5789298.0,1,1,Insumos/APFF Playa Delfines/PlayaDelfines_GBIF.xlsx,,,,,,,,source_authority_resolved,source_traceable
SP-000661,APFFPD,Área de Protección de Flora y Fauna Playa Delfines,tringa solitaria,Tringa solitaria,SPECIES,Animalia,Chordata,Aves,Charadriiformes,Scolopacidae,Tringa,GBIF,GBIF Backbone:2481710.0,2,1,Insumos/APFF Playa Delfines/PlayaDelfines_GBIF.xlsx,,,,,,,possible_cross_source_duplicate,source_authority_resolved,source_traceable
SP-000666,APFFPD,Área de Protección de Flora y Fauna Playa Delfines,tripneustes tripneustes ventricosus,Tripneustes Tripneustes ventricosus,species,Animalia,Echinodermata,Echinoidea,Camarodonta,Toxopneustidae,Tripneustes,SNIB,SNIB/CONABIO valid taxonomy:tripneustes tripneustes ventricosus,1,1,Insumos/APFF Playa Delfines/PlayaDelfines_SNIB.xlsx,,,,,,,,source_authority_resolved,source_traceable
SP-000668,APFFPD,Área de Protección de Flora y Fauna Playa Delfines,trogon trogon melanocephalus,Trogon Trogon melanocephalus,species,Animalia,Chordata,Aves,Trogoniformes,Trogonidae,Trogon,SNIB,SNIB/CONABIO valid taxonomy:trogon trogon melanocephalus,2,1,Insumos/APFF Playa Delfines/PlayaDelfines_SNIB.xlsx,,Preocupación menor (LC),,,,,possible_cross_source_duplicate,source_authority_resolved,source_traceable
SP-000667,APFFPD,Área de Protección de Flora y Fauna Playa Delfines,trogon melanocephalus,Trogon melanocephalus,SPECIES,Animalia,Chordata,Aves,Trogoniformes,Trogonidae,Trogon,GBIF,GBIF Backbone:2496699.0,2,1,Insumos/APFF Playa Delfines/PlayaDelfines_GBIF.xlsx,,,,,,,possible_cross_source_duplicate,source_authority_resolved,source_traceable
SP-000670,APFFPD,Área de Protección de Flora y Fauna Playa Delfines,tropidacris tropidacris cristata,Tropidacris Tropidacris cristata,species,Animalia,Arthropoda,Insecta,Orthoptera,Romaleidae,Tropidacris,SNIB,SNIB/CONABIO valid taxonomy:tropidacris tropidacris cristata,2,2,Insumos/APFF Playa Delfines/PlayaDelfines_SNIB.xlsx,,,,,,,,source_authority_resolved,source_traceable
SP-000669,APFFPD,Área de Protección de Flora y Fauna Playa Delfines,tropidacris cristata,Tropidacris cristata,SPECIES,Animalia,Arthropoda,Insecta,Orthoptera,Romaleidae,Tropidacris,GBIF,GBIF Backbone:1715295.0,1,1,Insumos/APFF Playa Delfines/PlayaDelfines_GBIF.xlsx,,,,,,,,source_authority_resolved,source_traceable
SP-000671,APFFPD,Área de Protección de Flora y Fauna Playa Delfines,tucetona tucetona pectinata,Tucetona Tucetona pectinata,species,Animalia,Mollusca,Bivalvia,Arcida,Glycymerididae,Tucetona,SNIB,SNIB/CONABIO valid taxonomy:tucetona tucetona pectinata,3,3,Insumos/APFF Playa Delfines/PlayaDelfines_SNIB.xlsx,,,,,,,,source_authority_resolved,source_traceable
SP-000672,APFFPD,Área de Protección de Flora y Fauna Playa Delfines,turbinaria turbinaria turbinata,Turbinaria Turbinaria turbinata,species,Chromista,Heterokontophyta,Phaeophyceae,Fucales,Sargassaceae,Turbinaria,SNIB,SNIB/CONABIO valid taxonomy:turbinaria turbinaria turbinata,1,1,Insumos/APFF Playa Delfines/PlayaDelfines_SNIB.xlsx,,,,,,,,source_authority_resolved,source_traceable
SP-000674,APFFPD,Área de Protección de Flora y Fauna Playa Delfines,turdus turdus grayi,Turdus Turdus grayi,species,Animalia,Chordata,Aves,Passeriformes,Turdidae,Turdus,SNIB,SNIB/CONABIO valid taxonomy:turdus turdus grayi,5,5,Insumos/APFF Playa Delfines/PlayaDelfines_SNIB.xlsx,,Preocupación menor (LC),,,,,,source_authority_resolved,source_traceable
SP-000673,APFFPD,Área de Protección de Flora y Fauna Playa Delfines,turdus grayi,Turdus grayi,SPECIES,Animalia,Chordata,Aves,Passeriformes,Turdidae,Turdus,GBIF,GBIF Backbone:2490716.0,2,2,Insumos/APFF Playa Delfines/PlayaDelfines_GBIF.xlsx,,,,,,,,source_authority_resolved,source_traceable
SP-000675,APFFPD,Área de Protección de Flora y Fauna Playa Delfines,tyrannus,Tyrannus,,Animalia,Chordata,Aves,Passeriformes,Tyrannidae,Tyrannus,Naturalista; SNIB,Naturalista/iNaturalist taxonomy:16768; SNIB/CONABIO valid taxonomy:tyrannus,3,3,Insumos/APFF Playa Delfines/PlayaDelfines_Naturalista.xlsx; Insumos/APFF Playa Delfines/PlayaDelfines_SNIB.xlsx,,,,,,,,source_authority_resolved,source_traceable
SP-000680,APFFPD,Área de Protección de Flora y Fauna Playa Delfines,tyrannus tyrannus couchii,Tyrannus Tyrannus couchii,species,Animalia,Chordata,Aves,Passeriformes,Tyrannidae,Tyrannus,SNIB,SNIB/CONABIO valid taxonomy:tyrannus tyrannus couchii,29,22,Insumos/APFF Playa Delfines/PlayaDelfines_SNIB.xlsx,,Preocupación menor (LC),,,,,possible_cross_source_duplicate,source_authority_resolved,source_traceable
SP-000681,APFFPD,Área de Protección de Flora y Fauna Playa Delfines,tyrannus tyrannus dominicensis,Tyrannus Tyrannus dominicensis,species,Animalia,Chordata,Aves,Passeriformes,Tyrannidae,Tyrannus,SNIB,SNIB/CONABIO valid taxonomy:tyrannus tyrannus dominicensis,3,3,Insumos/APFF Playa Delfines/PlayaDelfines_SNIB.xlsx,,Preocupación menor (LC),,,,,,source_authority_resolved,source_traceable
SP-000682,APFFPD,Área de Protección de Flora y Fauna Playa Delfines,tyrannus tyrannus melancholicus,Tyrannus Tyrannus melancholicus,species,Animalia,Chordata,Aves,Passeriformes,Tyrannidae,Tyrannus,SNIB,SNIB/CONABIO valid taxonomy:tyrannus tyrannus melancholicus,180,79,Insumos/APFF Playa Delfines/PlayaDelfines_SNIB.xlsx,,Preocupación menor (LC),,,,,possible_cross_source_duplicate,source_authority_resolved,source_traceable
SP-000683,APFFPD,Área de Protección de Flora y Fauna Playa Delfines,tyrannus tyrannus savana,Tyrannus Tyrannus savana,species,Animalia,Chordata,Aves,Passeriformes,Tyrannidae,Tyrannus,SNIB,SNIB/CONABIO valid taxonomy:tyrannus tyrannus savana,1,1,Insumos/APFF Playa Delfines/PlayaDelfines_SNIB.xlsx,,Preocupación menor (LC),,,,,,source_authority_resolved,source_traceable
SP-000684,APFFPD,Área de Protección de Flora y Fauna Playa Delfines,tyrannus tyrannus tyrannus,Tyrannus Tyrannus tyrannus,species,Animalia,Chordata,Aves,Passeriformes,Tyrannidae,Tyrannus,SNIB,SNIB/CONABIO valid taxonomy:tyrannus tyrannus tyrannus,7,7,Insumos/APFF Playa Delfines/PlayaDelfines_SNIB.xlsx,,Preocupación menor (LC),,,,,,source_authority_resolved,source_traceable
SP-000676,APFFPD,Área de Protección de Flora y Fauna Playa Delfines,tyrannus couchii,Tyrannus couchii,SPECIES,Animalia,Chordata,Aves,Passeriformes,Tyrannidae,Tyrannus,GBIF,GBIF Backbone:5229684.0,16,13,Insumos/APFF Playa Delfines/PlayaDelfines_GBIF.xlsx,,,,,,,possible_cross_source_duplicate,source_authority_resolved,source_traceable
SP-000677,APFFPD,Área de Protección de Flora y Fauna Playa Delfines,tyrannus dominicensis,Tyrannus dominicensis,SPECIES,Animalia,Chordata,Aves,Passeriformes,Tyrannidae,Tyrannus,GBIF,GBIF Backbone:5229678.0,2,2,Insumos/APFF Playa Delfines/PlayaDelfines_GBIF.xlsx,,,,,,,,source_authority_resolved,source_traceable
SP-000678,APFFPD,Área de Protección de Flora y Fauna Playa Delfines,tyrannus melancholicus,Tyrannus melancholicus,SPECIES,Animalia,Chordata,Aves,Passeriformes,Tyrannidae,Tyrannus,GBIF,GBIF Backbone:5229662.0,91,34,Insumos/APFF Playa Delfines/PlayaDelfines_GBIF.xlsx,,,,,,,possible_cross_source_duplicate,source_authority_resolved,source_traceable
SP-000679,APFFPD,Área de Protección de Flora y Fauna Playa Delfines,tyrannus tyrannus,Tyrannus tyrannus,SPECIES,Animalia,Chordata,Aves,Passeriformes,Tyrannidae,Tyrannus,GBIF,GBIF Backbone:5229688.0,2,2,Insumos/APFF Playa Delfines/PlayaDelfines_GBIF.xlsx,,,,,,,,source_authority_resolved,source_traceable
SP-000685,APFFPD,Área de Protección de Flora y Fauna Playa Delfines,udotea udotea flabellum,Udotea Udotea flabellum,species,Plantae,Chlorophyta,Ulvophyceae,Bryopsidales,Udoteaceae,Udotea,SNIB,SNIB/CONABIO valid taxonomy:udotea udotea flabellum,1,1,Insumos/APFF Playa Delfines/PlayaDelfines_SNIB.xlsx,,,,,,,,source_authority_resolved,source_traceable
SP-000686,APFFPD,Área de Protección de Flora y Fauna Playa Delfines,ulva ulva compressa,Ulva Ulva compressa,species,Plantae,Chlorophyta,Ulvophyceae,Ulvales,Ulvaceae,Ulva,SNIB,SNIB/CONABIO valid taxonomy:ulva ulva compressa,1,1,Insumos/APFF Playa Delfines/PlayaDelfines_SNIB.xlsx,,,,,,,,source_authority_resolved,source_traceable
SP-000688,APFFPD,Área de Protección de Flora y Fauna Playa Delfines,uropsila uropsila leucogastra,Uropsila Uropsila leucogastra,species,Animalia,Chordata,Aves,Passeriformes,Troglodytidae,Uropsila,SNIB,SNIB/CONABIO valid taxonomy:uropsila uropsila leucogastra,1,1,Insumos/APFF Playa Delfines/PlayaDelfines_SNIB.xlsx,,Preocupación menor (LC),,,Cuasiendémica,,,source_authority_resolved,source_traceable
SP-000687,APFFPD,Área de Protección de Flora y Fauna Playa Delfines,uropsila leucogastra,Uropsila leucogastra,SPECIES,Animalia,Chordata,Aves,Passeriformes,Troglodytidae,Uropsila,GBIF,GBIF Backbone:2493898.0,1,1,Insumos/APFF Playa Delfines/PlayaDelfines_GBIF.xlsx,,,,,,,,source_authority_resolved,source_traceable
SP-000689,APFFPD,Área de Protección de Flora y Fauna Playa Delfines,vachellia pennatula,Vachellia pennatula,SPECIES,Plantae,Tracheophyta,Magnoliopsida,Fabales,Fabaceae,Vachellia,GBIF; Naturalista,GBIF Backbone:6362443.0; Naturalista/iNaturalist taxonomy:349260,2,2,Insumos/APFF Playa Delfines/PlayaDelfines_GBIF.xlsx; Insumos/APFF Playa Delfines/PlayaDelfines_Naturalista.xlsx,,,,,,,,source_authority_resolved,source_traceable
SP-000695,APFFPD,Área de Protección de Flora y Fauna Playa Delfines,vireo vireo flavifrons,Vireo Vireo flavifrons,species,Animalia,Chordata,Aves,Passeriformes,Vireonidae,Vireo,SNIB,SNIB/CONABIO valid taxonomy:vireo vireo flavifrons,1,1,Insumos/APFF Playa Delfines/PlayaDelfines_SNIB.xlsx,,Preocupación menor (LC),,,,,,source_authority_resolved,source_traceable
SP-000696,APFFPD,Área de Protección de Flora y Fauna Playa Delfines,vireo vireo griseus,Vireo Vireo griseus,species,Animalia,Chordata,Aves,Passeriformes,Vireonidae,Vireo,SNIB,SNIB/CONABIO valid taxonomy:vireo vireo griseus,17,13,Insumos/APFF Playa Delfines/PlayaDelfines_SNIB.xlsx,,Preocupación menor (LC),,,,,possible_cross_source_duplicate,source_authority_resolved,source_traceable
SP-000697,APFFPD,Área de Protección de Flora y Fauna Playa Delfines,vireo vireo magister,Vireo Vireo magister,species,Animalia,Chordata,Aves,Passeriformes,Vireonidae,Vireo,SNIB,SNIB/CONABIO valid taxonomy:vireo vireo magister,38,23,Insumos/APFF Playa Delfines/PlayaDelfines_SNIB.xlsx,,Preocupación menor (LC),,,Cuasiendémica,,possible_cross_source_duplicate,source_authority_resolved,source_traceable
SP-000698,APFFPD,Área de Protección de Flora y Fauna Playa Delfines,vireo vireo olivaceus,Vireo Vireo olivaceus,species,Animalia,Chordata,Aves,Passeriformes,Vireonidae,Vireo,SNIB,SNIB/CONABIO valid taxonomy:vireo vireo olivaceus,2,2,Insumos/APFF Playa Delfines/PlayaDelfines_SNIB.xlsx,,Preocupación menor (LC),,,,,,source_authority_resolved,source_traceable
SP-000699,APFFPD,Área de Protección de Flora y Fauna Playa Delfines,vireo vireo pallens,Vireo Vireo pallens,species,Animalia,Chordata,Aves,Passeriformes,Vireonidae,Vireo,SNIB,SNIB/CONABIO valid taxonomy:vireo vireo pallens,15,12,Insumos/APFF Playa Delfines/PlayaDelfines_SNIB.xlsx,Sujeta a protección especial (Pr),Preocupación menor (LC),,,,,possible_cross_source_duplicate,source_authority_resolved,source_traceable
SP-000700,APFFPD,Área de Protección de Flora y Fauna Playa Delfines,vireo vireo philadelphicus,Vireo Vireo philadelphicus,species,Animalia,Chordata,Aves,Passeriformes,Vireonidae,Vireo,SNIB,SNIB/CONABIO valid taxonomy:vireo vireo philadelphicus,1,1,Insumos/APFF Playa Delfines/PlayaDelfines_SNIB.xlsx,,Preocupación menor (LC),,,,,,source_authority_resolved,source_traceable
SP-000690,APFFPD,Área de Protección de Flora y Fauna Playa Delfines,vireo flavifrons,Vireo flavifrons,SPECIES,Animalia,Chordata,Aves,Passeriformes,Vireonidae,Vireo,GBIF,GBIF Backbone:2487453.0,1,1,Insumos/APFF Playa Delfines/PlayaDelfines_GBIF.xlsx,,,,,,,,source_authority_resolved,source_traceable
SP-000691,APFFPD,Área de Protección de Flora y Fauna Playa Delfines,vireo griseus,Vireo griseus,SPECIES,Animalia,Chordata,Aves,Passeriformes,Vireonidae,Vireo,GBIF,GBIF Backbone:2487413.0,15,10,Insumos/APFF Playa Delfines/PlayaDelfines_GBIF.xlsx,,,,,,,possible_cross_source_duplicate,source_authority_resolved,source_traceable
SP-000692,APFFPD,Área de Protección de Flora y Fauna Playa Delfines,vireo magister,Vireo magister,SPECIES,Animalia,Chordata,Aves,Passeriformes,Vireonidae,Vireo,GBIF,GBIF Backbone:2487440.0,33,17,Insumos/APFF Playa Delfines/PlayaDelfines_GBIF.xlsx,,,,,,,possible_cross_source_duplicate,source_authority_resolved,source_traceable
SP-000693,APFFPD,Área de Protección de Flora y Fauna Playa Delfines,vireo pallens,Vireo pallens,SPECIES,Animalia,Chordata,Aves,Passeriformes,Vireonidae,Vireo,GBIF; Naturalista,GBIF Backbone:2487436.0; Naturalista/iNaturalist taxonomy:17374,8,6,Insumos/APFF Playa Delfines/PlayaDelfines_GBIF.xlsx; Insumos/APFF Playa Delfines/PlayaDelfines_Naturalista.xlsx,,,,,,,possible_cross_source_duplicate,source_authority_resolved,source_traceable
SP-000694,APFFPD,Área de Protección de Flora y Fauna Playa Delfines,vireo philadelphicus,Vireo philadelphicus,SPECIES,Animalia,Chordata,Aves,Passeriformes,Vireonidae,Vireo,GBIF,GBIF Backbone:2487408.0,1,1,Insumos/APFF Playa Delfines/PlayaDelfines_GBIF.xlsx,,,,,,,,source_authority_resolved,source_traceable
SP-000702,APFFPD,Área de Protección de Flora y Fauna Playa Delfines,volatinia volatinia jacarina,Volatinia Volatinia jacarina,species,Animalia,Chordata,Aves,Passeriformes,Thraupidae,Volatinia,SNIB,SNIB/CONABIO valid taxonomy:volatinia volatinia jacarina,5,4,Insumos/APFF Playa Delfines/PlayaDelfines_SNIB.xlsx,,Preocupación menor (LC),,,,,possible_cross_source_duplicate,source_authority_resolved,source_traceable
SP-000701,APFFPD,Área de Protección de Flora y Fauna Playa Delfines,volatinia jacarina,Volatinia jacarina,SPECIES,Animalia,Chordata,Aves,Passeriformes,Thraupidae,Volatinia,GBIF,GBIF Backbone:2491741.0,3,3,Insumos/APFF Playa Delfines/PlayaDelfines_GBIF.xlsx,,,,,,,,source_authority_resolved,source_traceable
SP-000704,APFFPD,Área de Protección de Flora y Fauna Playa Delfines,waltheria waltheria indica,Waltheria Waltheria indica,species,Plantae,Tracheophyta,Magnoliopsida,Malvales,Malvaceae,Waltheria,SNIB,SNIB/CONABIO valid taxonomy:waltheria waltheria indica,1,1,Insumos/APFF Playa Delfines/PlayaDelfines_SNIB.xlsx,,Preocupación menor (LC),,,,,,source_authority_resolved,source_traceable
SP-000703,APFFPD,Área de Protección de Flora y Fauna Playa Delfines,waltheria indica,Waltheria indica,SPECIES,Plantae,Tracheophyta,Magnoliopsida,Malvales,Malvaceae,Waltheria,GBIF,GBIF Backbone:5406665.0,1,1,Insumos/APFF Playa Delfines/PlayaDelfines_GBIF.xlsx,,,,,,,,source_authority_resolved,source_traceable
SP-000705,APFFPD,Área de Protección de Flora y Fauna Playa Delfines,yuzurua yuzurua poiteaui,Yuzurua Yuzurua poiteaui,species,Plantae,Rhodophyta,Florideophyceae,Ceramiales,Rhodomelaceae,Yuzurua,SNIB,SNIB/CONABIO valid taxonomy:yuzurua yuzurua poiteaui,1,1,Insumos/APFF Playa Delfines/PlayaDelfines_SNIB.xlsx,,,,,,,,source_authority_resolved,source_traceable
SP-000706,APFFPD,Área de Protección de Flora y Fauna Playa Delfines,yuzurua yuzurua poiteaui gemmifera variedad,Yuzurua Yuzurua poiteaui gemmifera variedad,species,Plantae,Rhodophyta,Florideophyceae,Ceramiales,Rhodomelaceae,Yuzurua,SNIB,SNIB/CONABIO valid taxonomy:yuzurua yuzurua poiteaui gemmifera variedad,1,1,Insumos/APFF Playa Delfines/PlayaDelfines_SNIB.xlsx,,,,,,,,source_authority_resolved,source_traceable
SP-000709,APFFPD,Área de Protección de Flora y Fauna Playa Delfines,zenaida zenaida asiatica,Zenaida Zenaida asiatica,species,Animalia,Chordata,Aves,Columbiformes,Columbidae,Zenaida,SNIB,SNIB/CONABIO valid taxonomy:zenaida zenaida asiatica,87,60,Insumos/APFF Playa Delfines/PlayaDelfines_SNIB.xlsx,,Preocupación menor (LC),,DOF 2014,,,possible_cross_source_duplicate,source_authority_resolved,source_traceable
SP-000710,APFFPD,Área de Protección de Flora y Fauna Playa Delfines,zenaida zenaida aurita,Zenaida Zenaida aurita,species,Animalia,Chordata,Aves,Columbiformes,Columbidae,Zenaida,SNIB,SNIB/CONABIO valid taxonomy:zenaida zenaida aurita,5,5,Insumos/APFF Playa Delfines/PlayaDelfines_SNIB.xlsx,Sujeta a protección especial (Pr),Preocupación menor (LC),,,,,,source_authority_resolved,source_traceable
SP-000707,APFFPD,Área de Protección de Flora y Fauna Playa Delfines,zenaida asiatica,Zenaida asiatica,SPECIES,Animalia,Chordata,Aves,Columbiformes,Columbidae,Zenaida,GBIF,GBIF Backbone:2495370.0,47,29,Insumos/APFF Playa Delfines/PlayaDelfines_GBIF.xlsx,,,,,,,possible_cross_source_duplicate,source_authority_resolved,source_traceable
SP-000708,APFFPD,Área de Protección de Flora y Fauna Playa Delfines,zenaida aurita,Zenaida aurita,SPECIES,Animalia,Chordata,Aves,Columbiformes,Columbidae,Zenaida,GBIF,GBIF Backbone:2495353.0,1,1,Insumos/APFF Playa Delfines/PlayaDelfines_GBIF.xlsx,,,,,,,,source_authority_resolved,source_traceable
